id  , nama_sekolah
1   , MTs AL ASMAAUL HUSNA
2   , MTs Ar-Rasyidy
3   , MTs AR-ROZZAAQ
4   , MTs Assalaam
5   , MTs Balighul Hikmah
6   , MTs Darul Irsyad
7   , MTs EL ALAMIA
8   , MTs HIBRUL ULAMA
9   , MTs MANBA&#039;UL HUDA
10  , MTs NUR AKMALIYAH
11  , MTs NURANI
12  , MTs NURUL FAJAR
13  , MTs RIBATHUL MUJTABA
14  , MTs RIYADHUL MUSTHOFA
15  , MTs TAHFIDZ SMART MUROTTAL
16  , MTs TANBIHUL GHOFILIN
17  , MTs ULIN NUHA
18  , MTs UTSMANIL HAKIM
19  , MTs Yanfa&#039;&#039;ul Ilmi
20  , MTSN 1 BOGOR
21  , MTSN 1 CIANJUR
22  , MTSN 2 BOGOR
23  , MTSN 2 CIANJUR
24  , MTSN 3 BOGOR
25  , MTSN 3 CIANJUR
26  , MTSN 4 BOGOR
27  , MTSN 4 CIANJUR
28  , MTSN 5 CIANJUR
29  , MTSN 6 CIANJUR
30  , MTSN 7 CIANJUR
31  , MTSN KOTA BOGOR
32  , MTSN KOTA DEPOK
33  , MTSN KOTA SUKABUMI
34  , MTSS 2 KOTA SUKABUMI
35  , MTSS ABDOELLAH BASTARI
36  , MTSS ADAWIYATUL ASLAMIYAH
37  , MTSS AINUR RAHMAH
38  , MTSS AKHLAQIYYAH
39  , MTSS AKMALIYAH
40  , MTSS AL AMANAH
41  , MTSS AL AMANAH
42  , MTSS AL AMIN
43  , MTSS AL ANHAR
44  , MTSS AL ARAFAH
45  , MTSS AL ARQOM
46  , MTSS AL ASIYAH
47  , MTSS AL ATIQIYAH
48  , MTSS AL AWWABIN
49  , MTSS AL AZIZIYYAH
50  , MTSS AL BAKRIYAH
51  , MTSS AL BAQIYATUSSHOLIHAT
52  , MTSS AL BASHRIYYAH
53  , MTSS AL FALAH
54  , MTSS AL FALAH
55  , MTSS AL FALAH
56  , MTSS AL FALAH
57  , MTSS AL FALAHIYAH
58  , MTSS AL FARABI
59  , MTSS AL FATA
60  , MTSS AL FATAH
61  , MTSS AL FATHONIYAH
62  , MTSS AL FATMAHIYAH
63  , MTSS AL FIKRI
64  , MTSS AL FITRIYAH
65  , MTSS AL FURQON
66  , MTSS AL FURQON
67  , MTSS AL FURQONIYAH
68  , MTSS AL FURQONIYAH
69  , MTSS AL GHIFFARI
70  , MTSS AL GHIFFARI
71  , MTSS AL HAMDANIYAH
72  , MTSS AL HAMIDIYAH
73  , MTSS AL HASANAH
74  , MTSS AL HASANI
75  , MTSS AL HIDAYAH
76  , MTSS AL HIDAYAH
77  , MTSS AL HIDAYAH
78  , MTSS AL HIDAYAH
79  , MTSS AL HIDAYAH
80  , MTSS AL HIDAYAH
81  , MTSS AL HIDAYAH
82  , MTSS AL HIDAYAH
83  , MTSS AL HIDAYAH 2
84  , MTSS AL HIDAYAH CA
85  , MTSS AL HIDAYAH CINANGKA
86  , MTSS AL HIDAYAH RAWA DENOK
87  , MTSS AL HIDAYAH SUKATANI
88  , MTSS AL HIKMAH
89  , MTSS AL HUDA
90  , MTSS AL HUSAINIYAH
91  , MTSS AL HUSNA
92  , MTSS AL HUSNA
93  , MTSS AL IDRUS
94  , MTSS AL IHSAN
95  , MTSS AL IHSANUL HUSNA
96  , MTSS AL IHYA
97  , MTSS AL IKHLAS
98  , MTSS AL IKHLAS
99  , MTSS AL IKHWAN
100 , MTSS AL IKHWAN CIHEA
101 , MTSS AL ILTIZAM
102 , MTSS AL INAAYAH
103 , MTSS AL INAYAH
104 , MTSS AL IRSYADIYAH
105 , MTSS AL ISLAMIYAH
106 , MTSS AL ISLAMIYAH AMZ
107 , MTSS AL ISTIQOMAH
108 , MTSS AL ITQON
109 , MTSS AL ITTIHAD
110 , MTSS AL ITTIHAD
111 , MTSS AL ITTIHAD MATHLAUL ANWAR
112 , MTSS AL ITTIHADIYAH
113 , MTSS AL JAMHURIYAH
114 , MTSS AL JAYANI
115 , MTSS AL JIHAD
116 , MTSS AL KARIMIYAH
117 , MTSS AL KAUTSAR
118 , MTSS AL KHAIRIYAH
119 , MTSS AL KHOERIYAH
120 , MTSS AL KHOERIYAH
121 , MTSS AL KINANAH
122 , MTSS AL MA HADUL ISLAM
123 , MTSS AL MADANI
124 , MTSS AL MAKMUR
125 , MTSS AL MANAR
126 , MTSS AL MANSHURIYAH
127 , MTSS AL MANSURI
128 , MTSS AL MASYKUR
129 , MTSS AL MASYKUR 02
130 , MTSS AL MIZAN
131 , MTSS AL MU AWWANAH
132 , MTSS AL MUASYAROH
133 , MTSS AL MUAWANAH
134 , MTSS AL MUAWANAH
135 , MTSS AL MUAWWANAH
136 , MTSS AL MUCHTARI ISLAMIC BOARDING SCHOOL
137 , MTSS AL MUHAJIRIN
138 , MTSS AL MUHAJIRIN
139 , MTSS AL MUJAHIDIN
140 , MTSS AL MUKHLISHIN
141 , MTSS AL MUKHLISIN
142 , MTSS AL MUKHSIN
143 , MTSS AL MUKHTAROMIYAH
144 , MTSS AL MUROZZA
145 , MTSS AL MUTTAQIN
146 , MTSS AL-ABROR
147 , MTSS AL-ACHDAN
148 , MTSS AL-AFKAR
149 , MTSS AL-AHSAN
150 , MTSS AL-AKHYAR
151 , MTSS AL-AMANAH
152 , MTSS AL-ATHFAL
153 , MTSS AL-BADAR
154 , MTSS AL-BAQIATUSSHOLIHAT
155 , MTSS AL-BARKAH
156 , MTSS AL-BARKAH
157 , MTSS AL-BARKAH
158 , MTSS AL-BAROKAH
159 , MTSS AL-BASIT
160 , MTSS AL-BASYARIAH
161 , MTSS AL-BAYAN
162 , MTSS AL-FALAH
163 , MTSS AL-FALAH
164 , MTSS AL-FALAH
165 , MTSS AL-FALAK
166 , MTSS AL-FARISI
167 , MTSS AL-FATAH
168 , MTSS AL-FATH
169 , MTSS AL-FITRIYAH
170 , MTSS AL-GHOZALY
171 , MTSS AL-HAMIDI
172 , MTSS AL-HASANAH
173 , MTSS AL-HIDAYAH
174 , MTSS AL-HIDAYAH
175 , MTSS AL-HIDAYAH
176 , MTSS AL-HIDAYAH
177 , MTSS AL-HIDAYAH ARCO
178 , MTSS AL-HIKAM GOBANG
179 , MTSS AL-HIKMAH
180 , MTSS AL-HIKMAH
181 , MTSS AL-HOLILIYAH
182 , MTSS AL-HUDA
183 , MTSS AL-HUDA
184 , MTSS AL-HUDA CIDAUN
185 , MTSS AL-HUDA RAWAHANJA
186 , MTSS AL-IHSAN SARAMPAD
187 , MTSS AL-IKHLAS
188 , MTSS AL-IKHLAS
189 , MTSS AL-IKHLAS
190 , MTSS AL-IKHWAN
191 , MTSS AL-INAYAH
192 , MTSS AL-INAYAH
193 , MTSS AL-ISTIQOMAH
194 , MTSS AL-ITTIHADIYAH
195 , MTSS AL-KARIMAH
196 , MTSS AL-KAUTSAR
197 , MTSS AL-KAUTSAR
198 , MTSS AL-KAUTSAR
199 , MTSS AL-KHOERIYAH
200 , MTSS AL-KHOERIYAH
201 , MTSS AL-KHOIRIYAH CIRANJANG
202 , MTSS AL-MA&#039;ARIF
203 , MTSS AL-MAA&#039;UUN
204 , MTSS AL-MADANIYAH
205 , MTSS AL-MANSHURIYAH
206 , MTSS AL-MU AWANAH
207 , MTSS AL-MUBAROKAH
208 , MTSS AL-MUHAJIRIN
209 , MTSS AL-MUJTAHIDIN
210 , MTSS AL-MUMTAAZ
211 , MTSS AL-MURQONIYAH
212 , MTSS AL-MUSLIM
213 , MTSS AL-MUSRI 1
214 , MTSS AL-MUSTHOFA
215 , MTSS AL-MUTHMAINNAH
216 , MTSS AL-NAHDLAH
217 , MTSS AL-QODIRIYAH
218 , MTSS AL-QOHHARIYAH
219 , MTSS AL-QONAAH
220 , MTSS AL-RIYADL
221 , MTSS AL-WASILAH
222 , MTSS AL-WUTSQO
223 , MTSS ALMAZIYYAH
224 , MTSS ALMIZAN
225 , MTSS AMAL BAKTI
226 , MTSS AMAL ISLAMI
227 , MTSS AMALIYAH
228 , MTSS AN NAJAH
229 , MTSS AN NAJAH
230 , MTSS AN NIZHAMIYYAH
231 , MTSS AN NUR
232 , MTSS AN NUR
233 , MTSS AN NUR
234 , MTSS AN NUR SUKAMAKMUR
235 , MTSS AN-NABA
236 , MTSS AN-NIZHOMIYAH
237 , MTSS AN-NOOR
238 , MTSS ANNIDA BINA INSANI
239 , MTSS ANWARUL HIDAYAH
240 , MTSS ANWARUL HIDAYAH
241 , MTSS AR RAFI IYAH
242 , MTSS AR RAHMAH
243 , MTSS AR RAHMAH
244 , MTSS AR RAHMAT
245 , MTSS AR RIDHO
246 , MTSS AR ROFI IYAH
247 , MTSS AR ROFIQY
248 , MTSS AR ROSYID I
249 , MTSS AR ROSYID II
250 , MTSS AR-RIFA&#039;I
251 , MTSS AR-ROSUDINIYAH
252 , MTSS AR-ROSYID
253 , MTSS AR-RUM AL-ISLAMY
254 , MTSS ARRAHMANIYAH
255 , MTSS ARRIDHO
256 , MTSS ARRIDHO
257 , MTSS ARRIDWAN ASSALAT
258 , MTSS ARROHMAH
259 , MTSS AS SA ADAH
260 , MTSS AS SA ADAH
261 , MTSS AS SAIDAH
262 , MTSS AS SALAM
263 , MTSS AS SHOFI
264 , MTSS AS SHOLIHIN
265 , MTSS AS SULTHAN
266 , MTSS AS-SHIDDIQIN
267 , MTSS AS-SULAIMANIYYAH
268 , MTSS ASH SHIDIQIYAH
269 , MTSS ASH SHOHEH
270 , MTSS ASH-SHIDIQIYAH
271 , MTSS ASNAWIYAH
272 , MTSS ASSA ADAH
273 , MTSS ASSA IDDIYYAH
274 , MTSS ASSAADATAIN
275 , MTSS ASSAADATUL ULA
276 , MTSS ASSALAFIYYAH ASSIROJIYYAH
277 , MTSS ASSASUTTARBIYAH
278 , MTSS ASSYAFIIYAH 06
279 , MTSS AT TAWWAAB NARINGGUL
280 , MTSS AT THAHIRIYAH
281 , MTSS AT-TAFSIRI
282 , MTSS AT-TAFSIRIYYAH
283 , MTSS AT-TARBIYAH
284 , MTSS AT-TAWAKKAL
285 , MTSS ATH-THOYYIBAH SEROJA CIANJUR
286 , MTSS ATHFALUL HAQ
287 , MTSS ATS-TSUUR
288 , MTSS AULIA
289 , MTSS AWALIYAH PABANGBON
290 , MTSS BABAKAN CARINGIN
291 , MTSS BADRU TAMAM
292 , MTSS BAETURRAHMAN
293 , MTSS BAHRUL ULUM
294 , MTSS BAITURRAHMAN
295 , MTSS BANI KHOLAN
296 , MTSS BINA AT-TAQWA MANDIRI
297 , MTSS BINA CENDEKIA
298 , MTSS BINA MADANI
299 , MTSS BINA UMMAT
300 , MTSS BOJONGJATI
301 , MTSS CAKRAWALA CENDEKIA
302 , MTSS CENDEKIA MUSLIM
303 , MTSS DAARUL ARHAM
304 , MTSS DAARUL ATHFAL
305 , MTSS DAARUL MUHAJIRIN KOTA BOGOR
306 , MTSS DAARUL MUKHLISIN
307 , MTSS DAARUL MUSTAQIEM
308 , MTSS DAARUL SHAFA
309 , MTSS DAARUL ULUUM LIDO
310 , MTSS DARRUL HIMMAH
311 , MTSS DARUL AL-MUHAJIRIN
312 , MTSS DARUL ARQOM
313 , MTSS DARUL FALAH
314 , MTSS DARUL FALAH AL-BURDAH
315 , MTSS DARUL FALLAH
316 , MTSS DARUL FIKRI
317 , MTSS DARUL HIJRAH
318 , MTSS DARUL HIKMAH
319 , MTSS DARUL IHSAN
320 , MTSS DARUL IHYA
321 , MTSS DARUL KHOER
322 , MTSS DARUL MA WA KOTA BOGOR
323 , MTSS DARUL MARHAMAH
324 , MTSS DARUL MUGHNI
325 , MTSS DARUL MUSLIM
326 , MTSS DARUL MUTA ALIMIN
327 , MTSS DARUL MUTTAQIN
328 , MTSS DARUL MUTTAQIN
329 , MTSS DARUL QUR&#039;AN
330 , MTSS DARUL ULUM
331 , MTSS DARUL ULUM
332 , MTSS DARUL ULUM
333 , MTSS DARUL ULUM YTM
334 , MTSS DARUNNA IM YAPIA
335 , MTSS DARUNNAJAH
336 , MTSS DARUR ROJA
337 , MTSS DARUSSALAM
338 , MTSS DARUSSALAM
339 , MTSS DARUSSALAM
340 , MTSS DARUSSALAM
341 , MTSS DARUSSALAM
342 , MTSS DARUSSALAM KOTA BOGOR
343 , MTSS DARUSSALAM AL MUBAROK
344 , MTSS DARUSSALAM CLK
345 , MTSS DARUSSALAM KBY
346 , MTSS DARUSSIBYAN
347 , MTSS DARUT TAFSIR
348 , MTSS DARUT TAFSIR AL HUSAINI
349 , MTSS DARUT TAQWA
350 , MTSS FATHAN MUBINA
351 , MTSS FATHUL KHAIR
352 , MTSS FATHUL ULUM
353 , MTSS FATHUSSA ADAH
354 , MTSS FITRAH MULIA
355 , MTSS FUTUUHIYAH
356 , MTSS GEDONG ASEM
357 , MTSS GUNUNG PUTRI
358 , MTSS HAYATUL ILMI
359 , MTSS HIDAYATUL IKHWAN
360 , MTSS HIDAYATUL IKHWAN
361 , MTSS HIDAYATUL ISLAMIYAH
362 , MTSS HIDAYATUL MUSTHAFA
363 , MTSS HIDAYATUL UMAM
364 , MTSS HIDAYATULLAH
365 , MTSS HIDAYATUT THALIBIN II
366 , MTSS HIMMATUL ALIYAH
367 , MTSS HIRSHUL FATA AL-ISLAMI
368 , MTSS HUDATUL FALAH
369 , MTSS HUMAIRA
370 , MTSS HUSNUL KHOTIMAH CIPANAS
371 , MTSS IBNU HAJAR
372 , MTSS IBNU NAFIS
373 , MTSS IBNU SAIFUDDIN
374 , MTSS IBNU SOBRI
375 , MTSS IBNU TAIMIYAH
376 , MTSS INSAN AMANAH
377 , MTSS INSAN CENDIKIA AL UM
378 , MTSS INSAN KREASI
379 , MTSS INSAN MADANI
380 , MTSS INSAN MULYA CIDAUN
381 , MTSS INSAN SEJATI
382 , MTSS INSAN TAQWA
383 , MTSS INTAN PAKUAN CHATIMAH
384 , MTSS INTERNASIONAL TECHNO NATURA
385 , MTSS IRSYADUL ATHFAL
386 , MTSS ISLAMIYAH KEDAUNG
387 , MTSS ISLAMIYAH SAWANGAN
388 , MTSS ISLAMIYAH SAYANG
389 , MTSS ITTIHAADUL UMAM
390 , MTSS ITTIHADUL MUKHLISIN
391 , MTSS IZZATUL ISLAM
392 , MTSS JAM IYATUL FALAH
393 , MTSS JAMIYYATUL MUTA ALIMIN
394 , MTSS JONGGOL
395 , MTSS KAJARKAJAR HAURWANGI
396 , MTSS KHULAFAUR ROSYIDIN
397 , MTSS LELES
398 , MTSS LUKMANUL HAKIM
399 , MTSS MA&#039;ARIF NU 2 CIJERUK
400 , MTSS MA&#039;ARIF NU CIJERUK
401 , MTSS MA&#039;ARIF PLUS ASSOBARIYYAH
402 , MTSS MA&#039;ARIF SABILUL HUDAA
403 , MTSS MABDAUSSIBYAN
404 , MTSS MADANI
405 , MTSS MADANIYAH
406 , MTSS MADINATUNNAJAH
407 , MTSS MAJROAHTUL ULUM CIBINONG
408 , MTSS MAMBAUL ULUM ASSHIDIQIYAH 10 CIANJUR
409 , MTSS MANARUL HUDA
410 , MTSS MANBAUL ISLAM
411 , MTSS MANBAUL ULUM
412 , MTSS MATHIYYATUL ULUM
413 , MTSS MATHLAUL ANWAR
414 , MTSS MATHLAUL ANWAR
415 , MTSS MATHLAUL ANWAR
416 , MTSS MATHLAUL ANWAR
417 , MTSS MATHLAUL ANWAR
418 , MTSS MATHLAUL ANWAR
419 , MTSS MATHLAUL ANWAR
420 , MTSS MATHLAUL ANWAR
421 , MTSS MATHLAUL ANWAR 2
422 , MTSS MATHLAUL ANWAR NURUL KAMAL
423 , MTSS MATHLAUL HUDA
424 , MTSS MATLAUL ANWAR I
425 , MTSS MAZRO ATUSSYIBYAN
426 , MTSS MAZRO&#039;ATUL ULUM CITIIS
427 , MTSS MAZRO&#039;ATUSSIBYAN
428 , MTSS MEKARWANGI
429 , MTSS MIFAIDA DARUL IHSAN
430 , MTSS MIFTAAHUL HUDAA
431 , MTSS MIFTAAHUSH SHUDUUR
432 , MTSS MIFTAHUL ABROR
433 , MTSS MIFTAHUL FALAH
434 , MTSS MIFTAHUL HASANAH
435 , MTSS MIFTAHUL HIDAYAH
436 , MTSS MIFTAHUL HUDA
437 , MTSS MIFTAHUL HUDA
438 , MTSS MIFTAHUL HUDA AL BARKAH
439 , MTSS MIFTAHUL IHSAN
440 , MTSS MIFTAHUL KHOERIYAH
441 , MTSS MIFTAHUL ULUM
442 , MTSS MIFTAHUNNAJAH
443 , MTSS MIFTAHUSSALAM
444 , MTSS MIFTAHUSSUNAN
445 , MTSS MILBOS MAGHFIRAH ISLAMIC LEADERSHIP BOARDING SCHOOL
446 , MTSS MISBAHUL ULUM
447 , MTSS MISBAHUSSIBYAN
448 , MTSS MITRA PASUNDAN
449 , MTSS MU ALLIMIEN MUHAMMADIYAH
450 , MTSS MUAWANATUL ISLAMIYAH
451 , MTSS MUHAMMADIYAH
452 , MTSS MUHAMMADIYAH
453 , MTSS MUHAMMADIYAH
454 , MTSS MUHAMMADIYAH 1
455 , MTSS MUHAMMADIYAH 1
456 , MTSS MUHAMMADIYAH CIASIHAN
457 , MTSS MUHAMMADIYAH SIPAK-JASINGA
458 , MTSS MUSA ADATUL IKHWAN
459 , MTSS MUSLIMIN
460 , MTSS MUSLIMIN
461 , MTSS MUSLIMIN CIKONDANG
462 , MTSS NASHRULLAH
463 , MTSS NASYATULKHAIR
464 , MTSS NULAD
465 , MTSS NUR AL ZAHRAH
466 , MTSS NUR TAUHID
467 , MTSS NURBAHARUDDIN
468 , MTSS NURROHMAH BOGOR
469 , MTSS NURROSYIDIYAH
470 , MTSS NURUL AHMAR ASY SYIPAD
471 , MTSS NURUL AMAL
472 , MTSS NURUL AMANAH
473 , MTSS NURUL ANWAR
474 , MTSS NURUL BAROKAH
475 , MTSS NURUL BAYAN
476 , MTSS NURUL FAJRI
477 , MTSS NURUL FALAH
478 , MTSS NURUL FALAH
479 , MTSS NURUL FALAH
480 , MTSS NURUL FALAH
481 , MTSS NURUL FALAH AREMAN
482 , MTSS NURUL FALAH CIJERUK
483 , MTSS NURUL FALAH KEBAYUNAN
484 , MTSS NURUL FURQON
485 , MTSS NURUL HADY
486 , MTSS NURUL HIDAYAH
487 , MTSS NURUL HIDAYAH
488 , MTSS NURUL HIDAYAH
489 , MTSS NURUL HIDAYAH
490 , MTSS NURUL HIDAYAH
491 , MTSS NURUL HIDAYAH YANUHI
492 , MTSS NURUL HIDAYAH YPNHO
493 , MTSS NURUL HIKMAH
494 , MTSS NURUL HIKMAH
495 , MTSS NURUL HIKMAH
496 , MTSS NURUL HIKMAH
497 , MTSS NURUL HUDA
498 , MTSS NURUL HUDA
499 , MTSS NURUL HUDA
500 , MTSS NURUL HUDA ASYURIYAH
501 , MTSS NURUL HUDA KOLEANG
502 , MTSS NURUL HUDA RUMBUT
503 , MTSS NURUL HUDA SILIWANGI
504 , MTSS NURUL IHYA
505 , MTSS NURUL IKHSAN
506 , MTSS NURUL ILMI
507 , MTSS NURUL IMAN
508 , MTSS NURUL IMAN
509 , MTSS NURUL ISLAM
510 , MTSS NURUL ISLAM
511 , MTSS NURUL ISLAM
512 , MTSS NURUL ISLAM
513 , MTSS NURUL ISLAMIYAH
514 , MTSS NURUL ISLAMIYAH
515 , MTSS NURUL QOLBI
516 , MTSS NURUL UMMAH
517 , MTSS NURUL WALIDAIN
518 , MTSS NURULHUDA SUKANAGARA
519 , MTSS NURUSSAADAH
520 , MTSS NURUSSALAM
521 , MTSS NURUSSYAFA AH
522 , MTSS NUURUL HUDAA
523 , MTSS NUURUL JANNAH
524 , MTSS NUURUL QUR AN
525 , MTSS NUURUL QUR AN
526 , MTSS NUURUL QURAN
527 , MTSS P P I Q
528 , MTSS PASANGGRAHAN
529 , MTSS PASIRHAUR
530 , MTSS PERSIS
531 , MTSS PERSIS 1
532 , MTSS PERSIS 112
533 , MTSS PERSIS 5 CIBEBER
534 , MTSS PERSIS CIKALONGKULON
535 , MTSS PERSIS WARUDOYONG
536 , MTSS PSA NURUL HUDA
537 , MTSS PUI
538 , MTSS PUI MIFTAHUL KHOIR
539 , MTSS PUI SADENGKOLOT
540 , MTSS PUNCAKWANGI
541 , MTSS QOTRUN NADA
542 , MTSS QURROTUL AINI
543 , MTSS RAFAH
544 , MTSS RAUDHATUL FALAH
545 , MTSS RAUDHATUL HUDA
546 , MTSS RAUDHATUL JANNAH
547 , MTSS RAUDHATUSSA ADAH
548 , MTSS RAUDHATUSSALAM
549 , MTSS RAUDLATUL FALAH
550 , MTSS RAUDLATUL IRFAN
551 , MTSS RAUDLATUL ULUM
552 , MTSS RIYADHUL HUDA
553 , MTSS RIYADHUL HUDA
554 , MTSS RIYADHUL ULUM
555 , MTSS RIYADLUL JANNAH
556 , MTSS RIYADUL FALAH
557 , MTSS RIYADUL ULUM
558 , MTSS SA ADATUDAIAN
559 , MTSS SA AL HIDAYAH
560 , MTSS SA AL IKHLAS
561 , MTSS SA AL MUTAALIMIN
562 , MTSS SA AL-BAROKAH
563 , MTSS SA AL-FALAH
564 , MTSS SA AL-HIDAYAH
565 , MTSS SA AL-ISTIQOMAH
566 , MTSS SA AL-MUHAJIRIN
567 , MTSS SA AL-MUNAWWIR
568 , MTSS SA AN NUUR
569 , MTSS SA AR RAHMAN
570 , MTSS SA BAHRIYATUSSAADAH
571 , MTSS SA BINARAHMAH
572 , MTSS SA DAARUNNADWA
573 , MTSS SA DARUL IHSAN
574 , MTSS SA DARUNNAJAH
575 , MTSS SA HIDAYATUL FALAH
576 , MTSS SA HIDAYTUSSALAM
577 , MTSS SA MAMBAUL ULUM
578 , MTSS SA MARTAUSSHIBYAN
579 , MTSS SA MIFTAHUL AZIZ
580 , MTSS SA MIFTAHUL FALAH
581 , MTSS SA MIFTAHUL ULUM
582 , MTSS SA NURUL HUDA
583 , MTSS SA NURUL IKHSAN
584 , MTSS SA RAUDHATUT TAUHID
585 , MTSS SA RIYADUL BAYAN
586 , MTSS SA SALAFIYAH AL IKHLAS
587 , MTSS SA TARBIYATUL HUDA
588 , MTSS SA ULUMUL QURAN
589 , MTSS SA UMMUL QURO
590 , MTSS SABILIL MUTTAQIN
591 , MTSS SAHID
592 , MTSS SAISUASSIBYAN
593 , MTSS SALAFIYAH
594 , MTSS SALAFIYAH SAFI&#039;IYYAH
595 , MTSS SALSABIILA ZAINIA
596 , MTSS SIROJUL ATHFAL
597 , MTSS SIROJUL ATHFAL
598 , MTSS SIROJUL ATHFAL
599 , MTSS SIROJUL ATHFAL
600 , MTSS SIROJUL ATHFAL
601 , MTSS SIROJUL ATHFAL
602 , MTSS SIROJUL ATHFAL II
603 , MTSS SIROJUL AWAM
604 , MTSS SIROJUL FALAH
605 , MTSS SIROJUL FALAH
606 , MTSS SIROJUL IKHSAN
607 , MTSS SIROJUL KAMAL
608 , MTSS SIROJUL MUNIR
609 , MTSS SIROJUL WILDAN
610 , MTSS SMI
611 , MTSS SUKAMULYA
612 , MTSS SUNANUL HUDA
613 , MTSS SUNANUL HUDA
614 , MTSS SUNANUL-AULIA
615 , MTSS SYAHID DARUL MU MININ
616 , MTSS SYAMSUL ULUM
617 , MTSS SYAMSUL ULUM
618 , MTSS SYARIFUL ANWAR
619 , MTSS TA DIBUL UMMAH
620 , MTSS TAHFIZH AL FALAKIYAH
621 , MTSS TAHFIZH AL KAUKAB BOJONGNANGKA
622 , MTSS TANSITUL MUTA ALIMIN
623 , MTSS TANWIRIYYAH
624 , MTSS TANWIRUL AMIN
625 , MTSS TARBIYATUL AZHAR
626 , MTSS TARBIYATUL FALAH
627 , MTSS TARBIYATUL FALAH
628 , MTSS TARBIYATUSSHIBYAN
629 , MTSS TARBIYATUSSIBYAN
630 , MTSS TAUHIDUL AFKAR
631 , MTSS TEI MULTAZAM
632 , MTSS TERPADU YAPISA
633 , MTSS THORIQUL HUDA
634 , MTSS TPI
635 , MTSS ULUL ALBAB
636 , MTSS ULUL ALBAB
637 , MTSS UMMI KULSUM KOTA SUKABUMI
638 , MTSS UMMUL QURO
639 , MTSS UNWANUL KHAIRIYAH
640 , MTSS USWATUN HASANAH
641 , MTSS WAHID HASYIM
642 , MTSS WALIISONGO
643 , MTSS YAA BUNAYYAH
644 , MTSS YAD
645 , MTSS YANURIS
646 , MTSS YAPENDI
647 , MTSS YAPERI CIBINONG
648 , MTSS YAPIDA
649 , MTSS YAPIMA
650 , MTSS YAPINA
651 , MTSS YAPISAL
652 , MTSS YASIBA
653 , MTSS YASIRA
654 , MTSS YASMIN
655 , MTSS YASMINE
656 , MTSS YASNIPA NURUL FALAH
657 , MTSS YASPI AL-FALAH
658 , MTSS YASPI SYAMSUL ULUM
659 , MTSS YASPINA
660 , MTSS YASTI ADDA WAH
661 , MTSS YLPI
662 , MTSS YMG
663 , MTSS YPPD
664 , MTSS YPPI AL HIDAYAH
665 , SMP ABDI BANGSA
666 , SMP ADDINA
667 , SMP ADHI BANGSA
668 , SMP ADVENT BOGOR
669 , SMP ADZKIA KHARISMA
670 , SMP AL - FALAH LULUT
671 , SMP AL AMIN
672 , SMP AL ASHRIYAH NURUL IMAN
673 , SMP AL AZHAR PLUS BOGOR
674 , SMP AL AZHAR SYIFA BUDI CIBUBUR - CILEUNGSI
675 , SMP AL AZHAR SYIFABUDI CIBINONG
676 , SMP AL BAYAN ISLAMIC BOARDING SCHOOL
677 , SMP AL FAKHRIYAH CIAWI
678 , SMP AL FALAH TLAJUNG
679 , SMP AL FARISI TAPOS
680 , SMP AL GHAZALY BOGOR
681 , SMP AL HAYYAN
682 , SMP AL HIDAYAH
683 , SMP AL HUSNA
684 , SMP AL HUSNA PABUARAN
685 , SMP AL IHSAN
686 , SMP AL IKHLAS
687 , SMP AL IMAM ISLAMIC SCHOOL
688 , SMP AL KHOER
689 , SMP AL MADZHAB
690 , SMP AL MANSHURIYAH
691 , SMP AL MINHAJ
692 , SMP AL MINHAJ TAMANSARI
693 , SMP AL MIZAN
694 , SMP AL MUNIR
695 , SMP AL NUR
696 , SMP AL QURAN WAHDAH ISLAMIYAH CIBINONG-BOGOR
697 , SMP AL- FAATHIR
698 , SMP Al-AqSyar
699 , SMP AL-AWWALIYAH
700 , SMP AL-BASYARIAH
701 , SMP AL-FATAH
702 , SMP AL-IJTIHAD
703 , SMP AL-IRSYAD BOGOR
704 , SMP AL-KAUTSAR
705 , SMP AL-TAQWA COLLEGE INDONESIA
706 , SMP AL-WAFI ISLAMIC BOARDING SCHOOL
707 , SMP ALDEPOS BOARDING SCHOOL
708 , SMP ALGEBRA ISLAMIC BOARDING SCHOOL
709 , SMP ALQURAN DARUL FURQON
710 , SMP AMAL KASIH
711 , SMP AMAL MULIA
712 , SMP AMALIAH
713 , SMP AMANAH BANGSA
714 , SMP AMERTA
715 , SMP AN NAHL ISLAMIC SCHOOL
716 , SMP ANANDA
717 , SMP ANGKASA BOGOR
718 , SMP ANNURALIYYAH
719 , SMP AQILAH HIDAYAH
720 , SMP AQL ISLAMIC SCHOOL
721 , SMP AR-RASYID
722 , SMP ARROYAN
723 , SMP ARSYADA
724 , SMP AS SHOHEH SAMPORA
725 , SMP AS SYAROFAH ISLAMIC BOARDING SCHOOL
726 , SMP ASABA
727 , SMP ASH SHOHABAH
728 , SMP ASH SHOLIHIN
729 , SMP ASIA PASIFIC BOARDING SCHOOL
730 , SMP ASSIROJ PAMIJAHAN
731 , SMP ASSYUJAIYAH
732 , SMP ASY-SYIFA
733 , SMP AT TIIN
734 , SMP AVICENNA CILEUNGSI
735 , SMP BAGUS
736 , SMP BAHRUL ULUM
737 , SMP BANGUN NUSA BANGSA
738 , SMP BANI ABDILLAH ( AL BANA )
739 , SMP BANI HARUN
740 , SMP BANTARJATI
741 , SMP BERBASIS PESANTREN FAI UMJ
742 , SMP BHAKTI CANDRA
743 , SMP BHAKTI INSANI BOGOR
744 , SMP BHAKTI NUGRAHA
745 , SMP BHAKTI TARUNA 1
746 , SMP BHAKTI TARUNA 2
747 , SMP BINA BANGSA MANDIRI
748 , SMP BINA BUDI LUHUR
749 , SMP BINA CITRA MANDIRI
750 , SMP BINA DAKWAH ISLAM TERPADU YAPISA
751 , SMP BINA GREHA
752 , SMP BINA IKHWANI BOGOR
753 , SMP BINA INSAN BOARDING SCHOOL
754 , SMP BINA INSAN MANDIRI
755 , SMP BINA INSANI
756 , SMP Bina Karya Kreatif
757 , SMP BINA MANDIRI PAMIJAHAN
758 , SMP BINA MASA DEPAN
759 , SMP BINA PENDIDIKAN
760 , SMP BINA SEJAHTERA
761 , SMP BINA UMMAH
762 , SMP BINADIDAKTIKA
763 , SMP BINTANG PELAJAR ISLAMIC BOARDING SCHOOL
764 , SMP BINTANG TIMUR
765 , SMP BOGOR RAYA
766 , SMP BOJONGMURNI
767 , SMP BPK PENABUR BOGOR
768 , SMP BRIGHTON
769 , SMP BUDI MULIA BOGOR
770 , SMP BUKIT GLORIA
771 , SMP BUMI PUTRA
772 , SMP BUMI SEJAHTERA
773 , SMP BUMI SEJAHTERA CIAMPEA
774 , SMP BUNDA
775 , SMP BUNDA HATI KUDUS
776 , SMP CAGAR BUDAYA
777 , SMP CAHAYA RANCAMAYA
778 , SMP CAHYA GUMILANG
779 , SMP CENDEKIA
780 , SMP CENDEKIA BAZNAS
781 , SMP CHANDRA BUANA
782 , SMP CIKAL CENDEKIA
783 , SMP CILEBUT
784 , SMP CIMULANG
785 , SMP CINTA NUSA
786 , SMP CIPTA CENDIKIA
787 , SMP CIPTA INSANI
788 , SMP CITAYAM PLUS
789 , SMP CITRA BOGOR SETIA
790 , SMP CITRA MADANI
791 , SMP CITRA NUANSA ISLAMI
792 , SMP CITRA NUSA
793 , SMP DAAR EL-SALAM
794 , SMP DAAR EN NISA ISLAMIC SCHOOL
795 , SMP DAARUL KHOLIDIN
796 , SMP DAARUL MANNAN
797 , SMP DAARUL MUQORROBIIN
798 , SMP DAARUS SAADAH
799 , SMP DAARUTTAQWA
800 , SMP DARMA BAKTI
801 , SMP DARUL FIKRI NANGGUNG
802 , SMP DARUL QUR AN AL WAFA
803 , SMP DARUL ULUUM LIDO
804 , SMP DARUNNAJAH
805 , SMP DARUNNAJAH 8
806 , SMP DARUSSALAM CILEUNGSI
807 , SMP DASA SEMESTA
808 , SMP DHARMA NUSA
809 , SMP DIAN HARAPAN
810 , SMP DJOJOREDJO PONDOK UDIK
811 , SMP DJOJOREDJO PUTAT NUTUG
812 , SMP EKA PRASETYA
813 , SMP EKA WIJAYA CIBINONG
814 , SMP FAJAR
815 , SMP FAJAR DUNIA
816 , SMP FAJRUL ISLAM
817 , SMP FATHU MAKKAH 01
818 , SMP FITRAH ISLAMIC WORLD ACADEMY
819 , SMP GEMA NUSANTARA
820 , SMP GENERASI AZKIA
821 , SMP GENERASI RABBANI
822 , SMP GENERUS MANDIRI
823 , SMP GIRI TARUNA
824 , SMP GLOBAL INSANI SCHOOL
825 , SMP GLOBAL MANDIRI
826 , SMP GLOBAL TEKHNOLOGY 25
827 , SMP GUNUNG MULYA
828 , SMP HANG TUAH 4
829 , SMP HANURA
830 , SMP HARAPAN BUNDA
831 , SMP HARAPAN KITA
832 , SMP HARAPAN SISWA
833 , SMP HARAPAN SROGOL
834 , SMP HARAPAN TARUNA
835 , SMP HAYATAN TOYYIBA
836 , SMP HAYATUL ISLAM
837 , SMP HIDAYATUL MA MUR
838 , SMP HOSANA
839 , SMP HUMANIKA
840 , SMP I AL QUDWAH
841 , SMP IBADURRAHMAN CILEUNGSI
842 , SMP IBNU AQIL
843 , SMP IBNU SYINA
844 , SMP IC MAGNET SCHOOL
845 , SMP IDN
846 , SMP INDIKA
847 , SMP INDOBANGSA
848 , SMP INFOKOM
849 , SMP INFORMATIKA
850 , SMP INFORMATIKA BINA GENERASI
851 , SMP INSAN CENDEKIA BOARDING SCHOOL
852 , SMP INSAN KAMIL
853 , SMP INSAN NUR MUHAMMAD
854 , SMP INSAN TELADAN
855 , SMP INTERNAT AL KAUSAR
856 , SMP ISLAM AL - KARIMAH
857 , SMP ISLAM AL ANSHOR
858 , SMP ISLAM AL ASHR
859 , SMP ISLAM AL AZHAR 28
860 , SMP ISLAM AL BAIS
861 , SMP ISLAM AL BAROKAH
862 , SMP ISLAM AL FALAH
863 , SMP ISLAM AL FAUZIAH
864 , SMP ISLAM AL GHIFARI
865 , SMP ISLAM AL GHOZALI
866 , SMP ISLAM AL HIKMAH
867 , SMP ISLAM AL HUDA
868 , SMP ISLAM AL KAUTSAR KLAPANUNGGAL
869 , SMP ISLAM AL KHIDMAH
870 , SMP ISLAM AL MUBIN
871 , SMP ISLAM AL MUKHLISHIN
872 , SMP ISLAM AL MUTTAQIEN
873 , SMP ISLAM AL QUDSIYAH
874 , SMP Islam Al-Azhar BSD@Metland
875 , SMP ISLAM AL-BADARIYAH
876 , SMP ISLAM AL-HIJAZ
877 , SMP ISLAM AL-HIKMAH
878 , SMP ISLAM AL-ITTAIYAH
879 , SMP ISLAM AL-RIHLAH
880 , SMP ISLAM AL-UMM
881 , SMP ISLAM ALMUSTARIH
882 , SMP ISLAM AN - NAJAH
883 , SMP ISLAM AN NIMAH
884 , SMP ISLAM AN-NURIYAH
885 , SMP ISLAM AR RIDHO
886 , SMP ISLAM ARAFAH
887 , SMP ISLAM ARRAUDHOH
888 , SMP ISLAM ASSHOLIHIYAH
889 , SMP ISLAM ASY-SYUHADA
890 , SMP ISLAM ASYIDIQIYAH PURASEDA
891 , SMP ISLAM AZIZUR RASYID
892 , SMP ISLAM BAITUL ILMI
893 , SMP ISLAM BHAKTI PERTIWI
894 , SMP ISLAM BINA INSANI
895 , SMP ISLAM BOEDI OETOMO
896 , SMP ISLAM CIJERUK
897 , SMP ISLAM CIKAL HARAPAN II
898 , SMP ISLAM CITRA NUANSA
899 , SMP ISLAM DA WATUL QURAN BOGOR
900 , SMP ISLAM DAARUL ILMI
901 , SMP ISLAM DAARUL ISTIQOOMAH
902 , SMP ISLAM DAARUL ULUM SASAKPANJANG
903 , SMP ISLAM DAARUS SHOFWAH
904 , SMP ISLAM DAARUSSALAM AL-JAMALIYAH
905 , SMP ISLAM DARUL MU ALLAMAH
906 , SMP ISLAM DARUL WASILAH
907 , SMP ISLAM DARUSSALAM KHOIRIAH
908 , SMP ISLAM HIDAYATUL ATHFAL
909 , SMP ISLAM IBNU AQIL PURASARI
910 , SMP ISLAM IMAM SYAFII
911 , SMP ISLAM IZZATUL MADANI
912 , SMP ISLAM KARYAMUKTI
913 , SMP ISLAM MAFAZAH
914 , SMP ISLAM MANDIRI
915 , SMP ISLAM MIFTAHUL HUDA
916 , SMP ISLAM MIFTAHUL JANNAH
917 , SMP ISLAM MIFTAHUL ULUM
918 , SMP ISLAM MUTIARA INSANI
919 , SMP ISLAM NIDA EL ADABI
920 , SMP ISLAM NURUL AMAL
921 , SMP ISLAM NURUL FALAH
922 , SMP ISLAM NURUL FIKRI
923 , SMP ISLAM NURUL IHSAN
924 , SMP ISLAM NURUL ILMI
925 , SMP ISLAM NURUL IMAN
926 , SMP ISLAM NURUSH SODIQIN
927 , SMP ISLAM NUSANTARA
928 , SMP ISLAM NUURUSHSHIBYAN
929 , SMP ISLAM PAMBUDI LUHUR
930 , SMP ISLAM PANCAWATI
931 , SMP ISLAM PARUNG
932 , SMP ISLAM PLUS AS SYARIFIYYAH
933 , SMP ISLAM PLUS DAARUL JANNAH
934 , SMP ISLAM QORYAH THOYYIBAH AL MUGNI
935 , SMP ISLAM SIROJUL ATHFAL
936 , SMP ISLAM SUKAJADI
937 , SMP ISLAM TERPADU AL BAKRIATUL MUDASSIRIN
938 , SMP ISLAM TERPADU AL ITTIHAD CIAMPEA
939 , SMP ISLAM TERPADU AL MAMURIYYAH
940 , SMP ISLAM TERPADU AL MUTTAQIEN
941 , SMP ISLAM TERPADU AL-FITYAN BOARDING SCHOOL BOGOR
942 , SMP ISLAM TERPADU AL-IMAN
943 , SMP ISLAM TERPADU AL-ZIRA
944 , SMP ISLAM TERPADU ANNUR CIMANDE
945 , SMP ISLAM TERPADU ANUGRAH INSANI
946 , SMP ISLAM TERPADU ASSAIDIYYAH
947 , SMP ISLAM TERPADU ASY SYIFA QOLBU
948 , SMP ISLAM TERPADU AT-TAQWA
949 , SMP ISLAM TERPADU AZ ZIKRA
950 , SMP Islam Terpadu Azhary
951 , SMP ISLAM TERPADU BAITUSSALAM
952 , SMP ISLAM TERPADU BIRRUL WAALIDAIN
953 , SMP ISLAM TERPADU CENDEKIA MUSLIM
954 , SMP ISLAM TERPADU DARUL HIJRI
955 , SMP ISLAM TERPADU DARUNNIDA
956 , SMP ISLAM TERPADU INSAN MANDIRI
957 , SMP ISLAM TERPADU NURHANIFA
958 , SMP ISLAM TERPADU NURUL FALAH
959 , SMP ISLAM TERPADU NURUL FATA
960 , SMP ISLAM TERPADU SUNAN GUNUNG JATI
961 , SMP ISLAM YAFAC
962 , SMP ISLAM YAPARY CILEUNGSI
963 , SMP ISLAM YATABO
964 , SMP ISLAM YP3I CILEUNGSI
965 , SMP ISLAM YPI HM ASMAN
966 , SMP ISLAM YPI PARUNGKUDA
967 , SMP ISLAM YTM 1
968 , SMP IT ABN
969 , SMP IT AL FADL
970 , SMP IT AL HUSNA
971 , SMP IT AL KAHFI
972 , SMP IT AL MA MUR
973 , SMP IT AL MADINAH
974 , SMP IT AL UTSMANIYAH
975 , SMP IT AL-FARIIDA
976 , SMP IT AL-FATH
977 , SMP IT AL-HABIM
978 , SMP IT AL-YASMIN
979 , SMP IT ALQURAN ELTAHFIDH
980 , SMP IT AMALIA
981 , SMP IT AN NABA
982 , SMP IT ANDALUS
983 , SMP IT ARROZI
984 , SMP IT AS-SALAAM KARANGGAN
985 , SMP IT AT TAUFIQ
986 , SMP IT AT THOHIRIAH
987 , SMP IT BABUSSALAM
988 , SMP IT BINA BANGSA SEJAHTERA
989 , SMP IT BINANTARA CIBINONG
990 , SMP IT BUSYRO AL KARIM
991 , SMP IT CINTA ROSUL
992 , SMP IT CITRA HARAPAN
993 , SMP IT DARUL HIDAYAH
994 , SMP IT DARULHUSNA MULYA
995 , SMP IT DARULL MUTTAQIEN
996 , SMP IT FATAHILLAH CILEUNGSI
997 , SMP IT FATHAN MUBINA
998 , SMP IT HAYYUN SASMITA
999 , SMP IT ISHLAHUL UMMAH
1000, SMP IT KAIFA
1001, SMP IT KARAKTER BANGSA
1002, SMP IT KH AHMAD SANUSI
1003, SMP IT MAJAMUL BAHRAIN
1004, SMP IT NIDAUL UMMAH
1005, SMP IT NURUL FAJAR
1006, SMP IT RAHMANIYAH
1007, SMP IT ROUDHLOTUL MUTA ALLIMAT
1008, SMP IT SULTAN AGUNG
1009, SMP IT TARUNA INSANI
1010, SMP IT UMMUL QURO
1011, SMP IT YAPURA
1012, SMP IT YASHODA
1013, SMP JAKARTA ISLAMIC BOY BOARDING SCHOOL
1014, SMP K PENABUR KOTAWISATA
1015, SMP KAMANDAKA
1016, SMP KARYA BHAKTI
1017, SMP KARYA GUNA 17
1018, SMP KARYA NYATA
1019, SMP KARYA PAKUAN
1020, SMP KERTAJAYA
1021, SMP KESATUAN
1022, SMP KOSGORO
1023, SMP KREATIVA
1024, SMP KRISTEN KETAPANG III
1025, SMP KRISTEN TUNAS HARAPAN
1026, SMP KRISTEN YPK SATU BAKTI
1027, SMP KURNIA
1028, SMP KUSUMA BANGSA
1029, SMP KUWWA KENCANA
1030, SMP LABS SCHOOL KAIZEN
1031, SMP LOGOS INDONESIA
1032, SMP MADANI
1033, SMP MADANIA
1034, SMP MADINATULQURAN
1035, SMP MAHARDIKA
1036, SMP MANARUL HUDA
1037, SMP MANBAUL ULUM
1038, SMP MARDI WALUYA
1039, SMP MARDI WALUYA
1040, SMP MARDI YUANA
1041, SMP MARDI YUANA CIBADAK
1042, SMP MARDI YUANA CICURUG
1043, SMP MARSUDIRINI
1044, SMP MATUSHA DWI ELANG
1045, SMP MIFTAHUL HIDAYAH
1046, SMP MIFTAHUL HUDA ISLAMIC BOARDING SCHOOL
1047, SMP MIFTAHUNNUR
1048, SMP MODERN AL- ALAWIYAH
1049, SMP MUHAMADIYAH PAMIJAHAN
1050, SMP MUHAMMADIYAH 1 LEUWILIANG
1051, SMP MUHAMMADIYAH 1 NANGGUNG
1052, SMP MUHAMMADIYAH 2 CILEUNGSI
1053, SMP MUHAMMADIYAH 2 LEUWILIANG
1054, SMP MUHAMMADIYAH 37 PARUNG
1055, SMP MUHAMMADIYAH AHMAD DAHLAN PAMIJAHAN
1056, SMP MUHAMMADIYAH ALMADANI GUNUNGSARI
1057, SMP MUHAMMADIYAH BOARDING SCHOOL AL KARIMAH
1058, SMP MUHAMMADIYAH CILEUNGSI
1059, SMP MUHAMMADIYAH GUNUNGPUTRI
1060, SMP MUHAMMADIYAH JASINGA
1061, SMP MUHAMMADIYAH KOTA BOGOR
1062, SMP MUHAMMADIYAH PABUARAN
1063, SMP MUHAMMADIYAH PURASEDA
1064, SMP MULIA BUANA
1065, SMP MUTHMAINNATUL QULUB
1066, SMP MUTIARA KARTINI
1067, SMP MUTIARA PERTIWI
1068, SMP N 02 CISEENG
1069, SMP N 1 CISEENG
1070, SMP N 1 JASINGA
1071, SMP N 1 PARUNG
1072, SMP N 1 TAJURHALANG
1073, SMP N 1 TANJUNGSARI
1074, SMP N 2 BOJONGGEDE
1075, SMP N 2 JASINGA
1076, SMP N 2 SUKAMAKMUR
1077, SMP N 3 GUNUNGSINDUR
1078, SMP N 3 JASINGA
1079, SMP N 4 CIBINONG
1080, SMP N SATU ATAP 01 CIGUDEG
1081, SMP N SATU ATAP 01 SUKAJAYA
1082, SMP NAHDLATUL ULAMA MEGAMENDUNG
1083, SMP NAHDLATUL WATHAN
1084, SMP NASIONAL PLUS PELITA INSANI
1085, SMP NEGERI 1 BABAKANMADANG
1086, SMP NEGERI 1 BOGOR
1087, SMP NEGERI 1 BOJONGGEDE
1088, SMP NEGERI 1 CARINGIN
1089, SMP NEGERI 1 CARIU
1090, SMP NEGERI 1 CIAMPEA
1091, SMP NEGERI 1 CIAWI
1092, SMP NEGERI 1 CIBADAK
1093, SMP NEGERI 1 CIBINONG
1094, SMP NEGERI 1 CIBUNGBULANG
1095, SMP NEGERI 1 CICURUG
1096, SMP NEGERI 1 CIDAHU
1097, SMP NEGERI 1 CIGOMBONG
1098, SMP NEGERI 1 CIGUDEG
1099, SMP NEGERI 1 CIJERUK
1100, SMP NEGERI 1 CILEUNGSI
1101, SMP NEGERI 1 CIOMAS
1102, SMP NEGERI 1 CISARUA
1103, SMP NEGERI 1 CITEUREUP
1104, SMP NEGERI 1 DRAMAGA
1105, SMP NEGERI 1 GUNUNGPUTRI
1106, SMP NEGERI 1 GUNUNGSINDUR
1107, SMP NEGERI 1 JONGGOL
1108, SMP NEGERI 1 KEMANG
1109, SMP NEGERI 1 KLAPANUNGGAL
1110, SMP NEGERI 1 LEUWILIANG
1111, SMP NEGERI 1 LEUWISADENG
1112, SMP NEGERI 1 MEGAMENDUNG
1113, SMP NEGERI 1 NANGGUNG
1114, SMP NEGERI 1 PAMIJAHAN BOGOR
1115, SMP NEGERI 1 PARUNG PANJANG
1116, SMP NEGERI 1 PARUNGKUDA
1117, SMP NEGERI 1 RANCABUNGUR
1118, SMP NEGERI 1 RUMPIN
1119, SMP NEGERI 1 SUKAJAYA
1120, SMP NEGERI 1 SUKAMAKMUR
1121, SMP NEGERI 1 SUKARAJA
1122, SMP NEGERI 1 TAMANSARI
1123, SMP NEGERI 1 TENJO
1124, SMP NEGERI 1 TENJOLAYA
1125, SMP NEGERI 10 BOGOR
1126, SMP NEGERI 11 BOGOR
1127, SMP NEGERI 12 BOGOR
1128, SMP NEGERI 13 BOGOR
1129, SMP NEGERI 14 BOGOR
1130, SMP NEGERI 15 BOGOR
1131, SMP NEGERI 16
1132, SMP NEGERI 17 BOGOR
1133, SMP NEGERI 18 KOTA BOGOR
1134, SMP NEGERI 19 BOGOR
1135, SMP NEGERI 2
1136, SMP NEGERI 2 BABAKAN MADANG
1137, SMP NEGERI 2 CARINGIN
1138, SMP NEGERI 2 CARIU
1139, SMP NEGERI 2 CIAWI
1140, SMP NEGERI 2 CIBADAK
1141, SMP NEGERI 2 CIBINONG
1142, SMP NEGERI 2 CIBUNGBULANG
1143, SMP NEGERI 2 CICURUG
1144, SMP NEGERI 2 CIDAHU
1145, SMP NEGERI 2 CIGOMBONG
1146, SMP NEGERI 2 CIGUDEG
1147, SMP NEGERI 2 CILEUNGSI
1148, SMP NEGERI 2 CIOMAS
1149, SMP NEGERI 2 CISARUA
1150, SMP NEGERI 2 CITEUREUP
1151, SMP NEGERI 2 DRAMAGA
1152, SMP NEGERI 2 GUNUNGPUTRI
1153, SMP NEGERI 2 GUNUNGSINDUR
1154, SMP NEGERI 2 JONGGOL
1155, SMP NEGERI 2 KEMANG
1156, SMP NEGERI 2 LEUWILIANG
1157, SMP NEGERI 2 MEGAMENDUNG
1158, SMP NEGERI 2 PAMIJAHAN
1159, SMP NEGERI 2 PARUNG
1160, SMP NEGERI 2 PARUNGKUDA
1161, SMP NEGERI 2 PARUNGPANJANG
1162, SMP NEGERI 2 RUMPIN
1163, SMP NEGERI 2 SUKARAJA
1164, SMP NEGERI 2 TAMAN SARI
1165, SMP NEGERI 2 TENJO
1166, SMP NEGERI 20
1167, SMP NEGERI 3 BOGOR
1168, SMP NEGERI 3 CIAWI
1169, SMP NEGERI 3 CIBADAK
1170, SMP NEGERI 3 CIBINONG
1171, SMP NEGERI 3 CIBUNGBULANG
1172, SMP NEGERI 3 CICURUG
1173, SMP NEGERI 3 CILEUNGSI
1174, SMP NEGERI 3 CITEUREUP
1175, SMP NEGERI 3 GUNUNGPUTRI
1176, SMP NEGERI 3 JONGGOL
1177, SMP NEGERI 3 LEUWILIANG
1178, SMP NEGERI 3 PARUNGPANJANG
1179, SMP NEGERI 3 TENJO
1180, SMP NEGERI 4 BOGOR
1181, SMP NEGERI 4 CIBADAK
1182, SMP NEGERI 4 CILEUNGSI
1183, SMP NEGERI 4 GUNUNGPUTRI
1184, SMP NEGERI 4 LEWILIANG
1185, SMP NEGERI 4 PARUNGPANJANG
1186, SMP NEGERI 5
1187, SMP NEGERI 6
1188, SMP NEGERI 7 BOGOR
1189, SMP NEGERI 8 BOGOR
1190, SMP NEGERI 9 BOGOR
1191, SMP NEGERI SATU ATAP 01 CARIU
1192, SMP NEGERI SATU ATAP 01 CISEENG
1193, SMP NEGERI SATU ATAP 01 JONGGOL
1194, SMP NEGERI SATU ATAP 01 PARUNGPANJANG
1195, SMP NEGERI SATU ATAP 01 TENJO
1196, SMP NEGERI SATU ATAP 02 CARIU
1197, SMP NUR AZKIA BOGOR
1198, SMP NURAIDA ISLAMIC BOARDING SCHOOL
1199, SMP NURUL AZMAN
1200, SMP NURUL FADILAH
1201, SMP NURUL HIKMAH
1202, SMP NURUL IMAN
1203, SMP NURUL YAQIN
1204, SMP PAKAR
1205, SMP PANCA DHARMA
1206, SMP PANCAR BAKTI
1207, SMP PANDU
1208, SMP PANDUTAMA
1209, SMP PANGERASAN EDUCATION CENTER
1210, SMP PASIRMADANG
1211, SMP PASUNDAN CIGUDEG
1212, SMP PASUNDAN JONGGOL
1213, SMP PELITA ATSIRI
1214, SMP PELITA CENDEKIA
1215, SMP PELITA CIAMPEA
1216, SMP PEMBANGUNAN
1217, SMP PEMBERDAYAAN UMMAT AN-NAHL
1218, SMP PERINTIS CILEUNGSI
1219, SMP PERMATA
1220, SMP PERMATA BANGSA
1221, SMP PERSADA
1222, SMP PERWANIDA BOGOR
1223, SMP PESANTREN MODERN AT TAQWA
1224, SMP PESAT
1225, SMP PEWARIS PERADABAN
1226, SMP PGRI 02 PARUNG
1227, SMP PGRI 02 TENJO
1228, SMP PGRI 03 BAMBU KUNING
1229, SMP PGRI 1 BOGOR
1230, SMP PGRI 1 CIAWI
1231, SMP PGRI 1 CIBINONG
1232, SMP PGRI 1 CIDAHU
1233, SMP PGRI 1 CIGOMBONG
1234, SMP PGRI 11
1235, SMP PGRI 12 BOGOR
1236, SMP PGRI 13 BOGOR
1237, SMP PGRI 14
1238, SMP PGRI 15 BOGOR
1239, SMP PGRI 16
1240, SMP PGRI 17
1241, SMP PGRI 2
1242, SMP PGRI 2 CIAWI
1243, SMP PGRI 2 CIDAHU
1244, SMP PGRI 221 CARINGIN
1245, SMP PGRI 285 JONGGOL
1246, SMP PGRI 3
1247, SMP PGRI 4
1248, SMP PGRI 5
1249, SMP PGRI 6
1250, SMP PGRI 7 KOTA BOGOR
1251, SMP PGRI 8
1252, SMP PGRI 9
1253, SMP PGRI BAGOANG
1254, SMP PGRI BATU ASIH
1255, SMP PGRI BOJONG
1256, SMP PGRI BOJONGGEDE
1257, SMP PGRI CIAMPEA
1258, SMP PGRI CIASMARA
1259, SMP PGRI CIBADAK
1260, SMP PGRI CIBUNGBULANG
1261, SMP PGRI CICURUG
1262, SMP PGRI CIKUPA
1263, SMP PGRI CITEUREUP
1264, SMP PGRI GADOG
1265, SMP PGRI GANDOANG
1266, SMP PGRI GUNUNG PICUNG
1267, SMP PGRI GUNUNGSINDUR
1268, SMP PGRI KADUMANGGU
1269, SMP PGRI KARADENAN
1270, SMP PGRI KLAPANUNGGAL
1271, SMP PGRI KOTABATU
1272, SMP PGRI KRACAK
1273, SMP PGRI LEUWILIANG
1274, SMP PGRI LULUT
1275, SMP PGRI MULYAHARJA
1276, SMP PGRI NANGGEWER
1277, SMP PGRI PALASARI
1278, SMP PGRI PARUNGKUDA
1279, SMP PGRI PARUNGPANJANG
1280, SMP PGRI PETIR
1281, SMP PGRI RAGAMUKTI
1282, SMP PGRI RUMPIN
1283, SMP PGRI SURYAKENCANA
1284, SMP PGRI TANJUNGSARI
1285, SMP PGRI TENJOLAYA
1286, SMP PGRI TUGU 207
1287, SMP PILAR INDONESIA
1288, SMP PINGKU
1289, SMP PLUS AL-BASYARI
1290, SMP PLUS AL-KINDA
1291, SMP PLUS ALHASANAH
1292, SMP PLUS ARRUSYDA
1293, SMP PLUS AT-THAHIRIN
1294, SMP PLUS AWWALIYAH AL ASIYAH
1295, SMP PLUS BINA TRAMPIL
1296, SMP PLUS CENDIKIA CIKEAS
1297, SMP PLUS CINDERA HATI
1298, SMP PLUS DAARUL FUDLOLA
1299, SMP PLUS DARUL HIDAYAH
1300, SMP PLUS DARUSOLIHIN
1301, SMP PLUS FAJAR SENTOSA
1302, SMP PLUS FITRAH MULIA
1303, SMP PLUS INSAN CEMERLANG
1304, SMP PLUS LUQMANULHAKIM
1305, SMP PLUS MIFTAHUL HUDA CIJERUK
1306, SMP PLUS MUDA PRAKARYA
1307, SMP PLUS NUR FATIHAH
1308, SMP PLUS NURUL HIKMAH AL HAKIM
1309, SMP PLUS PELITA NUSANTARA
1310, SMP PLUS TAHFIDH RAUDHATUL QURAN
1311, SMP PLUS TAMAN WISATA
1312, SMP PLUS TUNAS SINAR MANDIRI
1313, SMP PLUS YASPERA
1314, SMP PRAMADINA
1315, SMP PUI
1316, SMP PUI NANGGUNG
1317, SMP PURNABAKTI NUSANTARA
1318, SMP PURNAWARMAN
1319, SMP PUSPA MEKAR
1320, SMP PUSPANEGARA
1321, SMP PUSPAWIYATA
1322, SMP PUTRA MUTIARA BANGSA
1323, SMP PUTRA PAKUAN BOGOR
1324, SMP QT YANBUUL QURAN 7 BOGOR
1325, SMP QURAN AS-SALAAM
1326, SMP QURAN ASY SYAHID
1327, SMP QURAN SINAR CENDEKIA TELAGA SINDUR
1328, SMP REGINA PACIS
1329, SMP RIMBA TERUNA
1330, SMP RIYADLUL JANNAH
1331, SMP S AL RUSTALA
1332, SMP S ISLAM CIBATUTIGA
1333, SMP S ISLAM CIKUDA
1334, SMP SAINT ENOCH
1335, SMP SALMAN ALFARISI
1336, SMP SAMPOERNA
1337, SMP SAPTA MARGA
1338, SMP SAPTA MARGA CIBINONG
1339, SMP SATRIA BANGSA
1340, SMP SATU ATAP 1 JASINGA
1341, SMP SCHOOL OF UNIVERSE
1342, SMP SEBELAS MARET
1343, SMP SEJAHTERA 1 SUKARAJA
1344, SMP SEJAHTERA 2
1345, SMP SEJAHTERA 3 CIPAYUNG
1346, SMP SEJAHTERA 4 DRAMAGA
1347, SMP SEKOLAH ALAM CIKEAS
1348, SMP SEKOLAH ANAK INDONESIA
1349, SMP SEKOLAH ISLAM IBNU HAJAR
1350, SMP SEKOLAH PELITA HARAPAN
1351, SMP SETIA BANGSA
1352, SMP SHAFA MARWAH ISLAMIC SCHOOL
1353, SMP SILIWANGI BOGOR
1354, SMP SILIWANGI MANDIRI
1355, SMP SIT FAJAR HIDAYAH
1356, SMP SITU BHAKTI MULIA
1357, SMP SMART CIBINONG
1358, SMP SMART EKSELENSIA
1359, SMP SUKARASA
1360, SMP SUMPAH PEMUDA 2
1361, SMP SURYA PERSADA BOGOR
1362, SMP SWASTA MA ARIF NU SUKARAJA
1363, SMP SWASTA NAGRAK
1364, SMP TAHFIDZ AL-AZKA SYUHADA
1365, SMP TAHFIDZ AR-RASYID
1366, SMP TAHFIDZ ASSYIFA AL- ISLAM PARUNG
1367, SMP TAHFIDZ CAHAYA QUR AN
1368, SMP TAHFIDZ INDONESIA
1369, SMP TAHFIDZ SAHABAT TELADAN
1370, SMP TAMAN CAHAYA
1371, SMP TAMAN ISLAM
1372, SMP TAMAN MANGGAH DUA
1373, SMP TAMAN REJEKI
1374, SMP TAMANSISWA (TAMAN DEWASA)
1375, SMP TAMANSISWA CIBADAK
1376, SMP TARUNA ANDIGHA
1377, SMP TARUNA BANGSA
1378, SMP TARUNA BANGSA
1379, SMP TARUNA TERPADU
1380, SMP TAZKIA INSANI
1381, SMP TERPADU ABI
1382, SMP TERPADU AL AZIZIYAH
1383, SMP TERPADU AL-ITTIHADIYAH
1384, SMP TERPADU BAKTI PERTIWI
1385, SMP TERPADU PRIMA BANGSA
1386, SMP TERPADU PUI
1387, SMP TERPADU RANGGANIS
1388, SMP TERUNA MUDA SCHOOL
1389, SMP TIARA SCHOOL 2
1390, SMP TJOKROAMINOTO
1391, SMP TONJONG
1392, SMP TRI SULA
1393, SMP TRIPLE J
1394, SMP TRISUKSES
1395, SMP TUNAS HARAPAN
1396, SMP TUNAS HARAPAN ISLAMI
1397, SMP TUNAS INSANI
1398, SMP UNWANUL FALAH
1399, SMP USWATUN HASANAH
1400, SMP WASTU KENCANA
1401, SMP WIDYA KUSUMA
1402, SMP WIJAYA KUSUMA
1403, SMP WIJAYA PLUS
1404, SMP WINDIAN NUGRAHA
1405, SMP WIRA BUANA
1406, SMP WIYATA KHARISMA
1407, SMP WIYATA MANDALA
1408, SMP YABA TAJUR
1409, SMP YAPANSA
1410, SMP YAPENI
1411, SMP YAPIA PARUNG
1412, SMP YAPIDA
1413, SMP YAPIS
1414, SMP YAPISSA CICURUG
1415, SMP YAPSA
1416, SMP YAPSIDA
1417, SMP YASDIQ
1418, SMP YASIH
1419, SMP YASINA
1420, SMP YASKITTA
1421, SMP YASMIDA
1422, SMP YP BARANANGSIANG
1423, SMP YP PEMBANGUNAN
1424, SMP YP. 17 BOGOR
1425, SMP YPB
1426, SMP YPC CISARUA
1427, SMP YPN BOJONGGEDE
1428, SMP YPPI CIAWI
1429, SMP YPUI
1430, SMP YZA 1 KOTA BOGOR
1431, SMP YZA 2
1432, SMP ZAFIRAH
1433, SMP-IT AL HASANIYYAH
1434, SMPI AL MUHAJIRIN
1435, SMPIT AL BUNYAN
1436, SMPIT AL FATIH CIGOMBONG
1437, SMPIT AL FATIH KLAPANUNGGAL
1438, SMPIT AL KHAIRIYAH
1439, SMPIT AL MADANY
1440, SMPIT AL MUSTHAFAWIYAH
1441, SMPIT AL UMMAH
1442, SMPIT AL-ITQON
1443, SMPIT AN NAWAWI AL BANTANI
1444, SMPIT AR-RISALAH
1445, SMPIT ARRIYADL
1446, SMPIT ATTAUFIQIYYAH
1447, SMPIT AULADUL MAHALI
1448, SMPIT BAIT QUR ANI BOARDING SCHOOL
1449, SMPIT DARUL QUR-AN MULIA
1450, SMPIT DARUL QURAN
1451, SMPIT GREEN BHAKTI INSANI
1452, SMPIT INSAN CENDEKIA AD-DA`WAH
1453, SMPIT INSAN GUNA INDONESIA
1454, SMPIT INSAN MULIA CITA MADANI
1455, SMPIT INSANTAMA
1456, SMPIT INSANTAMA LEUWILIANG
1457, SMPIT LUQMAN AL HAKIM
1458, SMPIT MUTIARA ISLAM
1459, SMPIT NAHWA NUR
1460, SMPIT NURUL FALAH
1461, SMPIT NURUL FIKRI BOGOR
1462, SMPIT NURUT TAUHID
1463, SMPIT UNGGULAN ALBAROKAH MADANI
1464, SMPIT YAPIDH 2 BOGOR
1465, SMPIT ZAID BIN TSABIT
1466, SMPN 2 LEUWISADENG
1467, SMPN 2 TANJUNGSARI
1468, SMPN 3 CIOMAS
1469, SMPN 3 SATAP JASINGA
1470, SMPN 3 SUKAMAKMUR
1471, SMPN SATAP 2 JASINGA
1472, SMPN SATU ATAP 1 NANGGUNG
1473, SMPN SATU ATAP CARINGIN
1474, SMPN SATU ATAP LEUWILIANG
1475, SMPN SATU ATAP LEUWISADENG
1476, SMPS AKADEMIA
1477, SMPS AL FALLAH CIGUDEG
1478, SMPS AL FIKRI
1479, SMPS AL JIHAD
1480, SMPS AL KAUTSAR LEUWISADENG
1481, SMPS AL MA ARIJ
1482, SMPS AL MADINAH MALATI
1483, SMPS AL-HADIID
1484, SMPS ALAM CIMANGGIS
1485, SMPS AMAL KASIH
1486, SMPS AMAL MULIA 2
1487, SMPS ANAK BANGSA
1488, SMPS ANANDA
1489, SMPS AR-RAHMAH
1490, SMPS AULIA
1491, SMPS BHAKTI PRATAMA
1492, SMPS BINA BANGSA MANDIRI 2
1493, SMPS BINA CENDIKIA
1494, SMPS BINA CIPTA INSANI
1495, SMPS BINA INSAN CITA
1496, SMPS BINA INSAN MANDIRI
1497, SMPS BINA INSANUL FIKRI
1498, SMPS BINA MANDIRI CIBUNGBULANG
1499, SMPS BINA PUTERA
1500, SMPS BINA REMAJA
1501, SMPS BOARDING SCHOOL TARBIYATUN NISAA
1502, SMPS BPS&amp;K TERPADU CILEUNGSI
1503, SMPS CAKRAWALA
1504, SMPS CITRA BERKAT
1505, SMPS DAARUL QURAN AL JANNAH
1506, SMPS DARUL ARQOM
1507, SMPS DHARMA PERTIWI
1508, SMPS FATHU MAKKAH 03
1509, SMPS GEMA AKBAR SENTOSA (GAS)
1510, SMPS GEMA BANGSA
1511, SMPS GENERASI MADANI
1512, SMPS GRANADA
1513, SMPS HANGTUAH 6
1514, SMPS IBNU HAMZAH
1515, SMPS IBNU SINA
1516, SMPS ISLAM ADZKIYA
1517, SMPS ISLAM AL BINA
1518, SMPS ISLAM AL HASYIMIYAH
1519, SMPS ISLAM AL-MUSTHOFA
1520, SMPS ISLAM ARRIYADUL HUDA
1521, SMPS ISLAM ARROHMAN
1522, SMPS Islam Attaufiq
1523, SMPS ISLAM BINA TAQWA
1524, SMPS ISLAM CIMANDE
1525, SMPS Islam Hasmi
1526, SMPS ISLAM INSAN KAMIL MANDIRI
1527, SMPS ISLAM MATHLAUL ANWAR
1528, SMPS ISLAM SOLALATUL HUDA
1529, SMPS ISLAM SUMADIREJA
1530, SMPS ISLAM TARBIYATUL HUDA
1531, SMPS ISLAM TEKNOLOGI INFORMATIKA HARAPAN
1532, SMPS IT AL HUDA
1533, SMPS IT AL ISHLAH
1534, SMPS IT AL QOSIMIYYAH
1535, SMPS IT AN NAJIYAH
1536, SMPS IT ARRAHMAH
1537, SMPS IT BINA MASYARAKAT MANDIRI (BMM)
1538, SMPS IT DAAR EL MANSUR
1539, SMPS IT DINAMIKA UMAT
1540, SMPS IT NURUL YAQIEN
1541, SMPS IT NURUSHIBYAN CIMANDE
1542, SMPS IT PERMATA MADANI
1543, SMPS IT RAHMATAN LIL ALAMIN
1544, SMPS IT ROUDLOTUL JANNAH
1545, SMPS IT TAHFIDHIL QURAN AL MUSTAQIMIYYAH
1546, SMPS IT YASALAM
1547, SMPS KUSUMA BANGSA TAJURHALANG
1548, SMPS LESTARI
1549, SMPS MAARIF NU CIOMAS
1550, SMPS MAN ANA
1551, SMPS MANDIRI CARINGIN
1552, SMPS MANDIRI CIGUDEG
1553, SMPS MENTARI BANGSA
1554, SMPS MITRA
1555, SMPS MODEL ISLAMI
1556, SMPS MUHAMMADIYAH 01 SUKAJAYA
1557, SMPS MUJAHIDIN
1558, SMPS MULIA
1559, SMPS MUTIARA KENCANA
1560, SMPS NAHDATUL ULAMA BOGOR
1561, SMPS NASIONAL PLUS BPK PENABUR
1562, SMPS NUSANTARA
1563, SMPS NUSANTARA MANDIRI
1564, SMPS PESONA DYWANTARA
1565, SMPS PGRI 01 TENJO
1566, SMPS PGRI 1 PARUNG
1567, SMPS PGRI 2 CIGOMBONG
1568, SMPS PGRI CIOMAS BOGOR
1569, SMPS PGRI JASINGA
1570, SMPS PGRI SUKAMAKMUR
1571, SMPS PLUS AL HIDAYAH
1572, SMPS PLUS AL MAHFUDZ
1573, SMPS PLUS ALWATASI
1574, SMPS PUI SETIA NEGARA
1575, SMPS PURWA BHAKTI
1576, SMPS PUTRA CAHAYA
1577, SMPS PUTRA MELATI
1578, SMPS REGINA CAELI
1579, SMPS SEKOLAH ALAM BOGOR
1580, SMPS SULTHAN
1581, SMPS TAHFIZH AL BASYIR
1582, SMPS TAMAN QURANIYAH
1583, SMPS TARBIYATUL HUDA
1584, SMPS TARUNA BHAKTI
1585, SMPS TARUNA EKA BANGSA
1586, SMPS TEKNOLOGI INDONESIA
1587, SMPS TERPADU AL MAARIF
1588, SMPS TRIWIJAYA
1589, SMPS TUNAS BANGSA
1590, SMPS WIDYABHAKTI CIGOMBONG
1591, SMPS YAFAHI
1592, SMPS YAPA
1593, SMPS YAPNI
1594, SMPS YKTB
1595, SMP 20 MEI RAUDLATUSSAADAH
1596, SMP 6 PSKD
1597, SMP ADVENT DEPOK TIMUR
1598, SMP AL FARABI
1599, SMP AL HASRA
1600, SMP AL IHSAN
1601, SMP AL ISLAM CIMANGGIS
1602, SMP AL KINDI
1603, SMP AL-ARAF INDONESIA
1604, SMP AR-RAHMAN ISLAMIC SCHOOL
1605, SMP AR-RIDHA AL SALAAM
1606, SMP ARRAHMAN
1607, SMP ASH SHOLIHIN
1608, SMP ATLANTIS PLUS
1609, SMP AVICENNA CINERE
1610, SMP AZ-ZAHRA
1611, SMP BAKTI JAYA
1612, SMP BINA ADZKIA
1613, SMP BINA INDONESIA GEMILANG BOARDING SCHOOL
1614, SMP BINA INSAN CENDIKIA
1615, SMP BINA MULIA
1616, SMP BINA SEJAHTERA
1617, SMP BINA TAQWA
1618, SMP BINTARA DEPOK
1619, SMP BRIGHTON
1620, SMP BUDI BHAKTI
1621, SMP BUDI CENDEKIA ISLAMIC SCHOOL
1622, SMP BUDI UTOMO
1623, SMP CAHAYA BANGSA NURUL HUDA
1624, SMP CAKRA BUANA
1625, SMP CITA PERSADA
1626, SMP CITRA BANGSA
1627, SMP CITRA NEGARA
1628, SMP DAARUN NI`MAH
1629, SMP DARUL ILMI
1630, SMP DARUL QURAN ANNAYYIROH
1631, SMP DARUL ULUM
1632, SMP DHARMA PERTIWI
1633, SMP DWIGUNA
1634, SMP FABRIAN
1635, SMP FAJAR PLUS
1636, SMP FATAHILLAH
1637, SMP GANESA SATRIA
1638, SMP GELORA DEPOK
1639, SMP GENESIS MEDICARE
1640, SMP HARAPAN BANGSA
1641, SMP HARAPAN MASSA
1642, SMP HARJAMUKTI
1643, SMP HIDAYATUL ATHFAL
1644, SMP HIGHFIELD
1645, SMP HOLY FAITHFUL OBEDIENT
1646, SMP IBNU HAJAR BOARDING SCHOOL
1647, SMP INFORMATIKA DAN TAHFIDZ ADZIKRA
1648, SMP INKLUSI AL IRSYAD AL ISLAMIYYAH
1649, SMP INTEGRAL HIDAYATULLAH
1650, SMP ISLAM AL ATTASIYAH
1651, SMP ISLAM AL HASANAH
1652, SMP ISLAM AL ISTIQOMAH
1653, SMP ISLAM AL MAARIF
1654, SMP ISLAM AL MUHAJIRIN
1655, SMP ISLAM ARRIDHO
1656, SMP ISLAM ARRIHLAH
1657, SMP ISLAM AS-SAADATAIN
1658, SMP ISLAM ASHHABURRATIB
1659, SMP ISLAM ASSALAMAH
1660, SMP ISLAM ASY SARKOWI
1661, SMP ISLAM AT-TAWWAABIIN
1662, SMP ISLAM BINAKHEIR SCHOOL
1663, SMP ISLAM BUDAYA
1664, SMP ISLAM CAKRA NUSANTARA
1665, SMP ISLAM CIPTA INSANI CIPAYUNG
1666, SMP ISLAM DAARUL ILMI DEPOK
1667, SMP ISLAM DARUL QURAN
1668, SMP ISLAM DIAN DIDAKTIKA
1669, SMP ISLAM FITRAH AL FIKRI
1670, SMP ISLAM GHAMA AL FATIH
1671, SMP ISLAM HIDAYATUL IHSAN
1672, SMP ISLAM KREATIF AL KHOERIYAH
1673, SMP ISLAM NIMATUL UMMAH
1674, SMP ISLAM NURSYAMSI
1675, SMP ISLAM NURUL FIKRI PEDULI
1676, SMP ISLAM NURUL HAYAT
1677, SMP ISLAM NURUL HIDAYAH
1678, SMP ISLAM NURUL IKHLAS
1679, SMP ISLAM NURUL QURAN
1680, SMP ISLAM NURUS SKHI
1681, SMP ISLAM NUSANTARA
1682, SMP ISLAM PONDOK DUTA
1683, SMP ISLAM RADEN PATAH
1684, SMP ISLAM RAMAH ANAK
1685, SMP ISLAM SA`ID YUSUF
1686, SMP ISLAM TAUFIQURRAHMAN
1687, SMP ISLAM TERPADU AL QALAM
1688, SMP ISLAM TERPADU AMEC
1689, SMP ISLAM TERPADU DAARUL RAHMAN
1690, SMP ISLAM TERPADU NURUL FIKRI
1691, SMP ISLAM TERPADU RAFLESIA
1692, SMP ISLAM TERPADU SAINS AL QURAN AL ABROR
1693, SMP ISLAM TERPADU TRI SUKSES
1694, SMP ISLAM YAPKUM
1695, SMP ISLAM YKS
1696, SMP ISLAMIYAH SAWANGAN
1697, SMP ISLAMIYAH SERUA
1698, SMP IT AL HIKMAH
1699, SMP IT AL MUAWWANAH
1700, SMP IT AL-MUQORROBIN
1701, SMP IT ALEXANDRIA
1702, SMP IT AN NAJAH
1703, SMP IT AT-TAUFIQ
1704, SMP IT AZMIA
1705, SMP IT DAARUL FIKRI
1706, SMP IT DAROJAATUL ULUUM
1707, SMP IT DARUL ABIDIN
1708, SMP IT MIFTAHUL ULUM
1709, SMP IT PESANTREN NURURRAHMAN
1710, SMP IT ROHIMANA
1711, SMP IT RUHAMA
1712, SMP IT TUNAS BANGSA INSAN MANDIRI
1713, SMP IT UMMUL QURO
1714, SMP KARYA BANGSA
1715, SMP KARYA PUTRA BANGSA
1716, SMP KASIH DEPOK
1717, SMP KATOLIK PERMATA BUNDA
1718, SMP KESUMA DEPOK
1719, SMP LA ROYBA ISLAMIC SCHOOL
1720, SMP LAZUARDI AL FALAH GIS
1721, SMP LAZUARDI GIS
1722, SMP MADANI
1723, SMP MADINATUL QUR AN
1724, SMP MARDI YUANA DEPOK
1725, SMP MARIA
1726, SMP MAWADDAH
1727, SMP MIZAN
1728, SMP MUARA ILMU
1729, SMP MUHAMMADIYAH 1
1730, SMP MUHAMMADIYAH 19
1731, SMP MUHAMMADIYAH 2 RANGKAPANJAYA
1732, SMP MUHAMMADIYAH 29 SAWANGAN
1733, SMP MUHAMMADIYAH 3
1734, SMP MUHAMMADIYAH 4 DEPOK
1735, SMP MUHAMMADIYAH CISALAK
1736, SMP MULYA BHAKTI
1737, SMP MUTIARA
1738, SMP MUTIARA BANGSA
1739, SMP NEGERI 1 DEPOK
1740, SMP NEGERI 10 DEPOK
1741, SMP NEGERI 11
1742, SMP NEGERI 12 DEPOK
1743, SMP NEGERI 13 DEPOK
1744, SMP NEGERI 14 DEPOK
1745, SMP NEGERI 15 DEPOK
1746, SMP NEGERI 16 DEPOK
1747, SMP NEGERI 17 DEPOK
1748, SMP NEGERI 18 DEPOK
1749, SMP NEGERI 19 DEPOK
1750, SMP NEGERI 2 DEPOK
1751, SMP NEGERI 20 DEPOK
1752, SMP NEGERI 21 DEPOK
1753, SMP NEGERI 22 DEPOK
1754, SMP NEGERI 23 DEPOK
1755, SMP NEGERI 24 DEPOK
1756, SMP NEGERI 25 DEPOK
1757, SMP NEGERI 26 DEPOK
1758, SMP NEGERI 27 DEPOK
1759, SMP NEGERI 28 DEPOK
1760, SMP NEGERI 29 DEPOK
1761, SMP NEGERI 3 DEPOK
1762, SMP NEGERI 30 DEPOK
1763, SMP NEGERI 31 DEPOK
1764, SMP NEGERI 32 DEPOK
1765, SMP NEGERI 33 DEPOK
1766, SMP NEGERI 4 DEPOK
1767, SMP NEGERI 5 DEPOK
1768, SMP NEGERI 6 DEPOK
1769, SMP NEGERI 7 DEPOK
1770, SMP NEGERI 8 DEPOK
1771, SMP NEGERI 9 DEPOK
1772, SMP NURUL IMAN
1773, SMP NURUSSALAM
1774, SMP NUSA BHAKTI
1775, SMP PANMAS
1776, SMP PELITA 1 DEPOK
1777, SMP PELITA 2
1778, SMP PERINTIS DEPOK
1779, SMP PERJUANGAN INFORMATIKA TERPADU
1780, SMP PERMATA
1781, SMP PERMATA BUNDA
1782, SMP PESANTREN CENDEKIA AMANAH
1783, SMP PGRI 1
1784, SMP PGRI 363 PONDOK PETIR
1785, SMP PGRI CIMANGGIS
1786, SMP PGRI DEPOK II TENGAH
1787, SMP PGRI DEPOK JAYA
1788, SMP PGRI KALIMULYA
1789, SMP PLUS CAHAYA INSAN
1790, SMP PLUS SIRAJUSSA`ADAH
1791, SMP PONDOK DAUN
1792, SMP PRATIWI JUNIOR HIGH SCHOOL
1793, SMP PRESTASI GLOBAL
1794, SMP PRIBADI
1795, SMP PRISMA
1796, SMP PURNAMA
1797, SMP PUTRA BANGSA
1798, SMP PUTRI MAZAYA ASSUNAH
1799, SMP RATU JAYA
1800, SMP RAUDLATUL FALAH
1801, SMP SANTA THERESIA
1802, SMP SEGAR
1803, SMP SEKOLAH CIBUBUR INDONESIA
1804, SMP SETIA NEGARA DEPOK
1805, SMP SILOAM
1806, SMP SPRINGFIELD
1807, SMP TADIKA PERTIWI CINERE
1808, SMP TAHFIZH QUR AN FANTASTIS
1809, SMP TARBIYAH ISLAMIYAH
1810, SMP TARUNA BAJA 1
1811, SMP TARUNA BHAKTI
1812, SMP TERPADU AL MANAR AZHARI
1813, SMP TERPADU BAITUL HIKMAH
1814, SMP TERPADU DARUSSALAM
1815, SMP THE INDONESIA NATURAL SCHOOL
1816, SMP TIRTAMARTA-BPK PENABUR CINERE
1817, SMP TQT MADINATUL QURAN
1818, SMP TRIGUNA DEPOK
1819, SMP TRITURA
1820, SMP TUNAS BANGSA
1821, SMP UTAMA
1822, SMP WIYATA BHAKTI
1823, SMP YAPAN INDONESIA
1824, SMP YAPEMRI
1825, SMP YAPPA
1826, SMP YASPEN TUGU IBU I
1827, SMP YASPEN TUGU IBU II
1828, SMP ZAMZAM SYIFA BOARDING SCHOOL
1829, SMPI AL FALAH
1830, SMPI AL FALAH RATUJAYA
1831, SMPIT AL HARAKI
1832, SMPIT AL HIKMAH
1833, SMPIT ARRAHMAH
1834, SMPIT AS SHOF
1835, SMPIT BINA INSAN KAMIL
1836, SMPIT DARUL BAROKAH
1837, SMPIT DARUL HIKAM
1838, SMPIT MAULANA ABBASYIAH
1839, SMPIT MISBAAHUSSUDUUR
1840, SMPIT PUTRA CENDEKIA
1841, SMPIT RAHMANIYAH
1842, SMPK PENABUR
1843, SMPS ISLAM ALHAMIDIYAH
1844, SMPS IT ALQUDWAH
1845, SMPS IT ARAFAH
1846, SMPS IT DARUS SHOLIHIN
1847, SMPS IT ULUMUL QURAN
1848, SMPS KARAKTER
1849, SMPS NASIONAL PLUS TUNAS GLOBAL
1850, SMPS TIRTAJAYA
1851, SMPS YADIKA 12
1852, SMP ISLAM AL-FAJAR MALEBER
1853, SMP AL-MAMOEN
1854, SMP AN-NUR HADIS CIANJUR
1855, SMP BINA INSAN PASUNDAN
1856, SMP BPK PENABUR CIANJUR
1857, SMP BUNGA PERSADA CIANJUR
1858, SMP GARNESIA
1859, SMP HARAPAN KASIH BANGSA
1860, SMP I ISLAMIYAH KOPO KARANGTENGAH
1861, SMP INNOVATIVE SCHOOL CIANJUR
1862, SMP INSAN TAZKIA
1863, SMP ISLAM AL UZLAH
1864, SMP ISLAM AL-HUSNA MADANI
1865, SMP ISLAM CENDEKIA
1866, SMP ISLAM KREATIF
1867, SMP ISLAM MITRA AL KHAIDIR BOARDING SCHOOL
1868, SMP ISLAM SIROJUSSYAFIIYYAH
1869, SMP ISLAM SULAIMANIYYAH
1870, SMP ISLAM TERPADU AL IKHWAN
1871, SMP ISLAMIC CENTRE MUHAMMADIYAH
1872, SMP IT AL-ANWARIYYAH
1873, SMP IT AL-QALAM
1874, SMP IT AS-SYAUQIE
1875, SMP IT DAAR EL MUMTAAZ
1876, SMP IT DAARUL HIKMAH
1877, SMP IT DAARUL MUTTAQIN
1878, SMP IT DAARUTTAQWA ASYAMSURIYYAH
1879, SMP IT DARUL FALAH
1880, SMP IT DARUSSALAM AL-BISRI
1881, SMP IT INSAN CITA NURUL HUDA CIANJUR
1882, SMP IT IZZUL ISLAM
1883, SMP IT MANDIRI BERSEMI
1884, SMP KABAR BAIK CIANJUR
1885, SMP MIFTAHUSSAADAH
1886, SMP MISHBAHULMUTTAQIEN
1887, SMP NEGERI 1 CIANJUR
1888, SMP NEGERI 1 CIPANAS
1889, SMP NEGERI 1 KARANGTENGAH
1890, SMP NEGERI 1 PACET
1891, SMP NEGERI 2 CIANJUR
1892, SMP NEGERI 2 CIPANAS
1893, SMP NEGERI 2 KARANGTENGAH
1894, SMP NEGERI 2 PACET
1895, SMP NEGERI 3 CIANJUR
1896, SMP NEGERI 3 CIPANAS
1897, SMP NEGERI 3 KARANGTENGAH
1898, SMP NEGERI 4 CIANJUR
1899, SMP NEGERI 4 KARANGTENGAH
1900, SMP NEGERI 5 CIANJUR
1901, SMP PERINTIS
1902, SMP PGRI 2 CIANJUR
1903, SMP PGRI KARANGTENGAH
1904, SMP PLUS AR-RAHMAH
1905, SMP PLUS AT-TANWIIR
1906, SMP PPT ASHABULYAMIN CIANJUR
1907, SMP S AL AZHARY CIANJUR
1908, SMP S AL ITTIHAD
1909, SMP S AL KHAIRIYAH
1910, SMP S AL MADINA
1911, SMP S BINA UTAMA
1912, SMP S COKROAMINOTO CIANJUR
1913, SMP S ISLAM AL AZHAR 20 CIANJUR
1914, SMP S ISLAM AL IANAH
1915, SMP S K KANAAN CIANJUR
1916, SMP S MARDI YUANA CIANJUR
1917, SMP S MARDI YUANA CIPANAS
1918, SMP S MUHAMMADIYAH CIANJUR
1919, SMP S MUHAMMADIYAH CIPANAS
1920, SMP S PASUNDAN CIANJUR
1921, SMP S PGRI 1 CIANJUR
1922, SMP S PGRI CIPANAS
1923, SMP S RAUDATUL ULUM
1924, SMP S TERPADU MIFTAHUL ULUM
1925, SMP S YAPIP
1926, SMP TAHFIDZ AL-MUCHTARIAH
1927, SMP TARUNA NEGERI 1 CIANJUR
1928, SMP TUNAS TARUNA JAYA
1929, SMP VANCANITTY
1930, SMPS ISLAM TERPADU AL-MADINAH
1931, SMPS IT AL-AMIN
1932, SMPS IT MIFTAHUSSA`ADAH
1933, MTSN 26 JAKARTA
1934, MTS AS SALAFIYAH
1935, MTSN 8 JAKARTA
1936, MTSN 10 JAKARTA
1937, MTSN 11 JAKARTA
1938, MTSN 12 JAKARTA
1939, MTSN 27 JAKARTA
1940, MTSN 35 JAKARTA
1941, MTSN 36 JAKARTA
1942, MTSN 37 JAKARTA
1943, MTSN 40 JAKARTA
1944, MTSS AL JAIRY
1945, MTSS SIROJUL HUDA
1946, MTSS AL GAOTSIYAH
1947, MTSS AMANATUL MUSLIMIN
1948, MTSS TAHDZIBUN NUFUS
1949, MTSS NAHJUL HUDA
1950, MTSS TARBIYATUL ATHFAL
1951, MTSS AL-KHAIRIYAH
1952, MTSS SAADATUDDARAIN
1953, MTSS ATTHOYIBIYYAH
1954, MTSS AL ISLAMIYAH
1955, MTSS AL-FAKHRIYYAH
1956, MTSS AL WASHILLAH
1957, MTSS AL HIDAYAH
1958, MTSS AL-ISLAMIYAH SRENGSENG
1959, MTSS CHAIRIYAH MANSURIYAH
1960, MTSS AL-MAFATIH
1961, MTSS AL IHSAN
1962, MTSS AL-UKHUWWAH
1963, MTSS DARUL ULUM
1964, MTSS AL MUNAWWAROH
1965, MTSS ANNIDA AL ISLAMY
1966, MTSS NURUL QURAN
1967, MTSS AD DAWAH
1968, MTSS AL ITQON
1969, MTSS DAWATUL ISLAMIYAH
1970, MTSS AT TAUBAH
1971, MTSS AL WAHAB
1972, MTSS DA&#039;IL KHAIRAAT
1973, MTSS FAJRUL ISLAMI
1974, MTSS SAFINATUL HUSNA
1975, MTSS MINHAJUT THOLIBIN
1976, MTSS AL MUNAWAR
1977, MTS CORDOVA
1978, MTSS AN-NUR
1979, MTSS AL HAYAH
1980, MTSS ISTIQLAL
1981, MTSS NURANI
1982, MTSS JAMIAT KHEIR
1983, MTSS AL QALAM
1984, MTSS JAKARTA PUSAT
1985, MTSS AL MUDDATSIRIYAH
1986, MTSN 9 JAKARTA
1987, MTSN 32 JAKARTA
1988, MTSN 19 JAKARTA
1989, MTSN 3 JAKARTA
1990, MTSN 13 JAKARTA
1991, MTSN 1 JAKARTA
1992, MTSN 41 AL-AZHAR ASY-SYARIF JAKARTA
1993, MTSN 23 JAKARTA
1994, MTSN 2 JAKARTA
1995, MTSN 4 JAKARTA
1996, MTSS FATIMATUL AMIN
1997, MTSS RAUDHOTUL ULUM
1998, MTSS FATAHILLAH
1999, MTSS AL ISLAMIYAH
2000, MTSS MUHAMMADIYAH
2001, MTSS RUHUL ISLAM
2002, MTSS TANWIRUL QULUB
2003, MTSS RPI
2004, MTSS RAUDHATUL MUTA&#039;ALLIMIN
2005, MTSS JAMIATUL HUDA
2006, MTSS DARUSSAADAH PONCOL
2007, MTSS YKM 3
2008, MTSS NURUL AMANAH
2009, MTSS AL JIHADIYAH
2010, MTSS ATTAHIRIYAH
2011, MTSS YASDA
2012, MTSS SUDAN AFRICA ASIA
2013, MTSS AR ROFI&#039;I
2014, MTSS AL-TSAQAFAH
2015, MTSS SYARIF HIDAYATULLAH
2016, MTSS AS-SYAFI&#039;IYAH 01
2017, MTSS MTM
2018, MTSS MIFTAHUL UMAM
2019, MTSS DARUL MAARIF
2020, MTSS AL HIDAYATUSSALAFIYAH
2021, MTSS HIDAYATUL ANAM
2022, MTSS AL-MA&#039;MURIYAH
2023, MTSS AL HUSNA
2024, MTSS NURUL HUDA
2025, MTSS MANARATUL ISLAM
2026, MTSS RAUDLATUL ILMIYAH
2027, MTSS AL-QURANIYAH
2028, MTSS HIDAYATUT THOLIBIN
2029, MTSS MADARIJUT THALIBIN
2030, MTSS AL MAKMUR CIGANJUR
2031, MTSS DAARUSSA&#039;ADAH
2032, MTSS AL KHAIRIYAH
2033, MTSS SA&#039;ADATUDDARAIN
2034, MTSS DAARUSSALAAM
2035, MTSS NURUSSAADAH
2036, MTSS AL MAWADDAH
2037, MTSS DARUSSA&#039;ADAH PEDURENAN
2038, MTSS NURUL HIDAYAH
2039, MTSS NURUL HUDA
2040, MTSS PEMBANGUNAN UIN
2041, MTSS AL FALAH
2042, MTSS ASSA&#039;ADAH
2043, MTSS DARUSSALAM
2044, MTSS MANARUL HUDA
2045, MTSS AL MUSYARROFAH
2046, MTSS DARUNNAJAH ULUJAMI
2047, MTSS AL-IKHLAS
2048, MTSS NURUL FALAH
2049, MTSS AL ASYIROTUSSYAFI&#039;IYYAH
2050, MTSS NURUSSALAM
2051, MTSS ANNAJAH
2052, MTSS MIFTAHUL FALAH
2053, MTSN 31 JAKARTA
2054, MTSN 33 JAKARTA
2055, MTSN 34 JAKARTA
2056, MTSN 42 JAKARTA
2057, MTSN 6 JAKARTA
2058, MTSN 7 JAKARTA
2059, MTSN 14 JAKARTA
2060, MTSN 25 JAKARTA
2061, MTSN 28 JAKARTA
2062, MTSN 29 JAKARTA
2063, MTSN 30 JAKARTA
2064, MTSN 24 JAKARTA
2065, MTSN 21 JAKARTA
2066, MTSN 22 JAKARTA
2067, MTSN 16 JAKARTA
2068, MTSN 17 JAKARTA
2069, MTSN 18 JAKARTA
2070, MTSN 20 JAKARTA
2071, MTSS BHAKTI PERSADA
2072, MTSS TERPADU AL-KHOBIR ISLAMIC BOARDING SCHOOL
2073, MTSS AL MAGHFIROH
2074, MTSS KAFILA IBNU MAS&#039;UD
2075, MTSS INSAN KAMIL
2076, MTSS AMANAH BAMADITA
2077, MTSS AL FATAH
2078, MTSS NURUL ISLAM
2079, MTSS SIRRUL ASROR
2080, MTSS AR RAHMAN
2081, MTSS KAFILA
2082, MTSS MARDHOTILLAH
2083, MTSS ASSA&#039;ADAH
2084, MTSS ASSYAIRIYAH ATTAHIRIYAH
2085, MTSS HAUDIYAH AL WATHONIYAH 43
2086, MTSS MIFTAHUL HUDA
2087, MTSS JAUHAROTUL HUDA
2088, MTSS NURUL HUDA
2089, MTSS NURUL FALAH
2090, MTSS TSAQOFAH ADDARAIN
2091, MTSS RABIAH AL-ADAWIYAH
2092, MTSS LAN TABOER
2093, MTSS UMDATUR RASIKHIN
2094, MTSS AL WATHONIYAH 4
2095, MTSS AL QUDWAH AL MUQADDASAH
2096, MTSS AL WATHONIYAH 5
2097, MTSS AL WATHONIYAH 8
2098, MTSS AL WATHONIYAH 07
2099, MTSS AL WATHONIYAH 17
2100, MTSS AL WATHONIYAH 10
2101, MTSS AL WATHONIYAH 6
2102, MTSS AL WATHONIYAH
2103, MTSS ARRAHMAH UK
2104, MTSS AMIRUDDIN WAL MUNAWAROH
2105, MTSS RAUDLATUL FALAH
2106, MTSS NURUL FALAH DS
2107, MTSS PERSATUAN ISLAM
2108, MTSS ZIYADATUL HUDA
2109, MTSS AL HIKMAH
2110, MTSS AL AKHYARIYAH
2111, MTSS AL KENANIYAH
2112, MTSS AL FALAH U-M
2113, MTSS AL ASYIROH
2114, MTSS AL LATHIFIYAH
2115, MTSS AL HILAL
2116, MTSS AL HIDAYAH
2117, MTSS AL FALAH KLENDER
2118, MTSS AL JAUHARIYAH
2119, MTSS AL HUMAID
2120, MTSS AL WASHLIYAH
2121, MTSS AL WATHONIYAH 2
2122, MTSS AL WATHONIYAH 1
2123, MTSS AL WATHONIYAH IA
2124, MTSS AL WATHONIYAH AL HAMIDIYAH
2125, MTSS HASANATUDDARAIN
2126, MTSS AZ ZIYADAH
2127, MTSS NURUL HIJRAH
2128, MTSS NURUL AMAL
2129, MTSS AL IKHLAS
2130, MTSS TAPAK SUNAN
2131, MTSS AL BAHRI
2132, MTSS AN NASYATUL ILMIYAH
2133, MTSS INWANUL HUDA
2134, MTSS MU&#039;AWANATUL IKHWAN
2135, MTSS JAUHAROTUN NAQIYAH
2136, MTSS ZIYADATUL IHSAN
2137, MTSS RUHUL ULUM
2138, MTSS PKP DKI JAKARTA
2139, MTSS AR-RAHMAH
2140, MTSS ASSYAFIIYAH 04
2141, MTSS AL HAMID
2142, MTSS YUSUFIYAH
2143, MTSS ULUL ILMI
2144, MTSS AL FALAH AL ANSORIYAH
2145, MTSS AL IKHSAN
2146, MTSS AL FATHIYAH
2147, MTSS AS SAADAH
2148, MTSS AL IHSANIYAH
2149, MTSS AL WAHYU
2150, MTSS AL KAHFI
2151, MTS ASH SHIDDIQ
2152, MTS PESANTREN MODERN PKP JIS
2153, MTS NURUL JALAL
2154, MTSN 5 JAKARTA
2155, MTSN 15 JAKARTA
2156, MTSN 38 JAKARTA
2157, MTSN 39 JAKARTA
2158, MTSS AL WATHONIYAH 43
2159, MTSS EL-NUR EL-KASYSYAF
2160, MTSS AL-AQSHA
2161, MTSS KHAIRUL UMMAH
2162, MTSS NURUL BAHRI
2163, MTSS MANDIRI
2164, MTSS RAUDHATUL JANNATINNA&#039;IM
2165, MTSS NUR ATTAQWA
2166, MTSS PERSIS 12
2167, MTSS AL HIDAYAH RBU
2168, MTSS AL MUHAJIRIN TG
2169, MTSS AL-JIHAD
2170, MTSS YAPIS
2171, MTSS AL FALAH
2172, MTSS DARUL BINA
2173, MTSS IMADUN NAJAH
2174, MTSS AL KHAIRIYAH KP BAHARI
2175, MTSS AL WATHONIYAH 14
2176, MTSS AL MIFFTAHIYYAH
2177, MTSS AL MUBASYIRIN
2178, MTSS RAUDHATUL MUTTAQIN
2179, MTSS AL HIKMAH
2180, MTSS AR RASYIDIYYAH
2181, MTSS ASH SHIDIQIYAH
2182, MTSS AL HIDAYAH UKA
2183, MTSS AL MUHAJIRIN KJ
2184, MTSS AL KHAIRIYAH KOJA
2185, SMP 10 November
2186, SMP 28 OKTOBER 1928
2187, SMP ACG SCHOOL JAKARTA
2188, SMP ACS JAKARTA
2189, SMP ADIK IRMA
2190, SMP Advent VI
2191, SMP ADVENT VII
2192, SMP Al Azhar 4
2193, SMP Al Azhar II
2194, SMP Al Fajar
2195, SMP AL FALAH
2196, SMP Al Fallah
2197, SMP AL HIKMAH
2198, SMP AL IHSAN
2199, SMP Al Karomiyah
2200, SMP AL KHAIRAAT
2201, SMP AL QALAM
2202, SMP Al Washliyah
2203, SMP AL WASHLIYAH 1
2204, SMP Al Wathoniyah 9
2205, SMP AL WILDAN 4 ISLAMIC SCHOOL JAKARTA
2206, SMP AL-AKHYAR
2207, SMP AL-FALAH KALIBATA CITY
2208, SMP AL-HADIRIYAH SCHOOL
2209, SMP AL-HIKMAH
2210, SMP AL-Jannah
2211, SMP ALAM
2212, SMP ALFATHIYAH JAKARTA
2213, SMP ALGHURABAA
2214, SMP Amaliyah
2215, SMP ANGKASA
2216, SMP ANNURIYYAH
2217, SMP AS SAADAH
2218, SMP Asisi
2219, SMP Assalafy
2220, SMP ASSYAIRIYAH ATTAHIRIYAH
2221, SMP AUSTRALIAN INDEPENDENT SCHOOL INDONESIA JAKARTA
2222, SMP Avicenna
2223, SMP AZHARI ISLAMIC SCHOOL
2224, SMP AZHARI ISLAMIC SCHOOL RASUNA
2225, SMP BAHAGIA
2226, SMP Bait Al Rahman
2227, SMP BAKTI 17
2228, SMP Bakti Idhata
2229, SMP Bakti Mulya 400
2230, SMP Bhakti
2231, SMP BHAKTI MULIA
2232, SMP Bhakti Nusantara
2233, SMP Bina Dharma
2234, SMP BINA NUSANTARA SIMPRUG
2235, SMP Bina Pangudi Luhur
2236, SMP BKUI (Al-Kautsar)
2237, SMP Borobudur
2238, SMP BPSK 2
2239, SMP BRIGHT WORLD ACADEMY
2240, SMP Budaya
2241, SMP Buddhis Silaparamita
2242, SMP BUDHAYA III SANTO AGUSTINUS
2243, SMP Budhi Warman
2244, SMP BUDI HARAPAN
2245, SMP Budi Mulia Utama
2246, SMP BUNDA KANDUNG
2247, SMP CAHAYA ALQURAN
2248, SMP Cahaya Sakti
2249, SMP CAWANG BARU
2250, SMP CENDERAWASIH I
2251, SMP Charitas
2252, SMP CIKAL
2253, SMP Cita Buana
2254, SMP CITRA ALAM
2255, SMP CITRA KASIH DON BOSCO PONDOK INDAH
2256, SMP Corpatarin
2257, SMP D`ROYAL MOROCO INTEGRATIVE ISLAMIC SCHOOL
2258, SMP DAARUSSALAAM
2259, SMP DARUL ARQOM
2260, SMP DARUL MAARIF JAKARTA
2261, SMP Darul Mukminin
2262, SMP Darul Muttaqien
2263, SMP Darus Syifa
2264, SMP Darussalam
2265, SMP Delima
2266, SMP DESA PUTRA
2267, SMP DEWI SARTIKA
2268, SMP DEWI SARTIKA
2269, SMP Dharma Bakti
2270, SMP Dharma Putra Nusantara 86
2271, SMP DHARMA SATRIA
2272, SMP Diponegoro 1
2273, SMP Diponegoro 2
2274, SMP Don Bosco II
2275, SMP DWI CAKTI BHAKTI PALAD
2276, SMP EL RASYAD ISLAMIC JUNIOR HIGH SCHOOL
2277, SMP El Shaddai Intercontinental School
2278, SMP EL-SYIFA
2279, SMP EMBUN PAGI ISLAMIC SCHOOL
2280, SMP EMERALD
2281, SMP EMIISc Jakarta
2282, SMP ERA PEMBANGUNAN UMAT
2283, SMP FATAHILLAH
2284, SMP GARUDA
2285, SMP GARUDA CENDEKIA
2286, SMP Global Islamic School
2287, SMP GLOBAL MANDIRI
2288, SMP GLOBAL SEVILLA PULO MAS
2289, SMP Hangtuah 2
2290, SMP Harapan I
2291, SMP Harnasto Institut
2292, SMP HERITAGE SCHOOL JAKARTA
2293, SMP HIGHSCOPE INDONESIA
2294, SMP I Al Azhar Syifa Budi
2295, SMP IBNU HAJAR BOARDING SCHOOL
2296, SMP ICHTHUS SCHOOL
2297, SMP IGNATIUS SLAMET RIYADI
2298, SMP IMTAQ DARURRAHIM
2299, SMP INTERNATIONAL ISLAMIC SECONDARY SCHOOL
2300, SMP Islam Al Azhar I
2301, SMP ISLAM AL HIDAYAH
2302, SMP Islam Al Hikmah
2303, SMP Islam Al Ikhlas
2304, SMP ISLAM AL ITISHOM
2305, SMP ISLAM AL IZHAR PONDOK LABU
2306, SMP ISLAM AL JABR
2307, SMP Islam Al Kholidin
2308, SMP Islam Al Makiyah
2309, SMP Islam Al-Azhar 12
2310, SMP ISLAM AL-AZHAR 19 CIBUBUR
2311, SMP ISLAM AL-AZHAR 22
2312, SMP ISLAM AL-MARUF
2313, SMP Islam An Nuriyah
2314, SMP ISLAM ANDALUS
2315, SMP ISLAM AR RAHMAH JAKARTA
2316, SMP Islam As-Syafiiyah 02
2317, SMP ISLAM ASSALAAM
2318, SMP ISLAM AT-TAUFIEQ
2319, SMP ISLAM CITRA DHARMA
2320, SMP ISLAM HARAPAN IBU
2321, SMP Islam Karya Darma
2322, SMP Islam L Pina
2323, SMP Islam Malahayati
2324, SMP ISLAM NURUL HUDA
2325, SMP ISLAM PB SOEDIRMAN
2326, SMP ISLAM RPI
2327, SMP ISLAM TAMAN QURANIYAH
2328, SMP ISLAM TERPADU AL KIYAN
2329, SMP ISLAM TERPADU AL-HALIMIYAH
2330, SMP ISLAM TERPADU ARRAHMAN
2331, SMP ISLAM TERPADU DAQTA
2332, SMP ISLAM TERPADU NURUL HIKMAH
2333, SMP Islam Tugasku
2334, SMP ISLAM YASMIN
2335, SMP Islam YPS
2336, SMP IT AL-WATHONIYAH PUSAT PUTRI
2337, SMP IT ALMUGHNI
2338, SMP IT AR-RUDHO
2339, SMP JAGAKARSA
2340, SMP JAKARTA INTERCULTURAL SCHOOL DI CILANDAK
2341, SMP JAKARTA ISLAMIC SCHOOL
2342, SMP JAKARTA MONTESSORI
2343, SMP Jayakarta
2344, SMP KAPIN
2345, SMP Kartika VIII-1
2346, SMP KARTIKA X-1
2347, SMP KARTIKA XI-3 JAKARTA
2348, SMP KARTINI 3 JAKARTA
2349, SMP Katolik Nusa Melati
2350, SMP KELUARGA WIDURI
2351, SMP KEMALA BHAYANGKARI 2
2352, SMP KEMALA BHAYANGKARI 3
2353, SMP Krida Putra
2354, SMP KRISTEN 5 BPK PENABUR
2355, SMP KRISTEN BERKAT
2356, SMP KRISTEN CAHAYA BANGSA
2357, SMP KRISTEN ORA et LABORA
2358, SMP KRISTEN TUNAS BANGSA
2359, SMP Kuntum Wijaya Kusuma
2360, SMP LABORATORIUM JAKARTA
2361, SMP LABSCHOOL JAKARTA
2362, SMP Labschool Kebayoran
2363, SMP LENTERA INDONESIA JAKARTA
2364, SMP MADINA ISLAMIC SCHOOL
2365, SMP MAHAKARYA BANGSA
2366, SMP MAHASISWA
2367, SMP MAKARYA
2368, SMP Marsudirini
2369, SMP MEKAR SARI
2370, SMP MENTARI INTERCULTURAL SCHOOL JAKARTA
2371, SMP MUARA INDONESIA
2372, SMP Muhamadiyah IV
2373, SMP Muhammadiyah 30
2374, SMP MUHAMMADIYAH 31
2375, SMP Muhammadiyah 35
2376, SMP Muhammadiyah 36
2377, SMP Muhammadiyah 39
2378, SMP Muhammadiyah 5
2379, SMP MUHAMMADIYAH 50
2380, SMP Muhammadiyah 8
2381, SMP MUHAMMADIYAH 9
2382, SMP Muhammadiyah I Jagakarsa
2383, SMP MUTTAQIEN
2384, SMP N 202 JAKARTA
2385, SMP Nahdlatul Wathan
2386, SMP NASIONAL
2387, SMP NEGERI 102 JAKARTA
2388, SMP NEGERI 103 JAKARTA
2389, SMP Negeri 104
2390, SMP NEGERI 106 JAKARTA
2391, SMP Negeri 107
2392, SMP Negeri 109 JAKARTA
2393, SMP NEGERI 11 JAKARTA
2394, SMP NEGERI 110
2395, SMP Negeri 115
2396, SMP Negeri 117
2397, SMP NEGERI 12
2398, SMP NEGERI 124 JAKARTA
2399, SMP NEGERI 126 JAKARTA
2400, SMP NEGERI 128 JAKARTA
2401, SMP Negeri 13
2402, SMP Negeri 131
2403, SMP Negeri 135
2404, SMP NEGERI 138 JAKARTA
2405, SMP NEGERI 139 JAKARTA
2406, SMP NEGERI 14 JAKARTA
2407, SMP Negeri 141
2408, SMP Negeri 144
2409, SMP NEGERI 145 JAKARTA
2410, SMP NEGERI 146 JAKARTA
2411, SMP NEGERI 147 JAKARTA
2412, SMP NEGERI 148 JAKARTA
2413, SMP Negeri 149
2414, SMP Negeri 15
2415, SMP Negeri 150 Jakarta
2416, SMP Negeri 153
2417, SMP NEGERI 154
2418, SMP NEGERI 155
2419, SMP NEGERI 157 JAKARTA
2420, SMP Negeri 158
2421, SMP NEGERI 16 JAKARTA
2422, SMP Negeri 160 JAKARTA
2423, SMP Negeri 161
2424, SMP NEGERI 163 JAKARTA
2425, SMP Negeri 164
2426, SMP Negeri 165 Jakarta
2427, SMP NEGERI 166
2428, SMP NEGERI 167 JAKARTA
2429, SMP Negeri 168
2430, SMP NEGERI 171 JAKARTA
2431, SMP Negeri 172
2432, SMP Negeri 174 Jakarta
2433, SMP Negeri 177
2434, SMP NEGERI 178
2435, SMP NEGERI 179 JAKARTA
2436, SMP Negeri 180 Jakarta
2437, SMP NEGERI 182
2438, SMP NEGERI 184 JAKARTA
2439, SMP Negeri 185
2440, SMP Negeri 188 Jakarta
2441, SMP Negeri 19 Jakarta
2442, SMP NEGERI 192 JAKARTA
2443, SMP Negeri 193
2444, SMP Negeri 194
2445, SMP NEGERI 195 JAKARTA
2446, SMP Negeri 196 Jakarta
2447, SMP Negeri 198
2448, SMP Negeri 199
2449, SMP Negeri 20 Jakarta
2450, SMP NEGERI 203 JAKARTA
2451, SMP NEGERI 208 JAKARTA
2452, SMP Negeri 209 Jakarta
2453, SMP Negeri 210 Jakarta
2454, SMP NEGERI 211
2455, SMP NEGERI 212 JAKARTA
2456, SMP NEGERI 213 JAKARTA
2457, SMP NEGERI 214 JAKARTA
2458, SMP NEGERI 217 JAKARTA
2459, SMP Negeri 218
2460, SMP NEGERI 222 JAKARTA
2461, SMP Negeri 223 Jakarta
2462, SMP Negeri 226
2463, SMP NEGERI 227 JAKARTA
2464, SMP NEGERI 230 JAKARTA
2465, SMP Negeri 232
2466, SMP Negeri 233 Jakarta
2467, SMP Negeri 234
2468, SMP Negeri 235
2469, SMP Negeri 236
2470, SMP Negeri 237 Jakarta
2471, SMP Negeri 238
2472, SMP NEGERI 239
2473, SMP NEGERI 24 JAKARTA
2474, SMP Negeri 240
2475, SMP NEGERI 242
2476, SMP Negeri 243
2477, SMP Negeri 245
2478, SMP Negeri 246 Jakarta
2479, SMP NEGERI 247 JAKARTA
2480, SMP Negeri 25
2481, SMP Negeri 250
2482, SMP Negeri 251 Jakarta
2483, SMP NEGERI 252 JAKARTA
2484, SMP Negeri 253
2485, SMP Negeri 254
2486, SMP Negeri 255
2487, SMP NEGERI 256 JAKARTA
2488, SMP NEGERI 257 JAKARTA
2489, SMP Negeri 258 Jakarta
2490, SMP Negeri 259 Jakarta
2491, SMP NEGERI 26 JAKARTA
2492, SMP Negeri 262
2493, SMP Negeri 263 Jakarta
2494, SMP NEGERI 265
2495, SMP NEGERI 267 JAKARTA
2496, SMP NEGERI 268 JAKARTA
2497, SMP NEGERI 27 JAKARTA
2498, SMP Negeri 272 Jakarta
2499, SMP Negeri 275 Jakarta
2500, SMP NEGERI 276
2501, SMP NEGERI 281 JAKARTA
2502, SMP Negeri 283 Jakarta
2503, SMP NEGERI 284 JAKARTA
2504, SMP Negeri 287 Jakarta
2505, SMP Negeri 29
2506, SMP NEGERI 3 JAKARTA
2507, SMP NEGERI 31
2508, SMP Negeri 33
2509, SMP Negeri 35 Jakarta
2510, SMP Negeri 36
2511, SMP NEGERI 37 JAKARTA
2512, SMP Negeri 41
2513, SMP NEGERI 43 JAKARTA
2514, SMP NEGERI 44 JAKARTA
2515, SMP Negeri 46
2516, SMP NEGERI 48 JAKARTA
2517, SMP Negeri 49 Jakarta
2518, SMP Negeri 50 Jakarta
2519, SMP Negeri 51
2520, SMP NEGERI 52 JAKARTA
2521, SMP NEGERI 56
2522, SMP Negeri 57
2523, SMP Negeri 58
2524, SMP NEGERI 6 JAKARTA
2525, SMP Negeri 62
2526, SMP NEGERI 66
2527, SMP Negeri 67
2528, SMP NEGERI 68 JAKARTA
2529, SMP NEGERI 7 JAKARTA
2530, SMP NEGERI 73 JAKARTA
2531, SMP Negeri 74
2532, SMP NEGERI 80 JAKARTA
2533, SMP NEGERI 81 JAKARTA
2534, SMP NEGERI 85 JAKARTA
2535, SMP Negeri 86
2536, SMP Negeri 87
2537, SMP NEGERI 9 JAKARTA
2538, SMP Negeri 90
2539, SMP Negeri 91 Jakarta
2540, SMP Negeri 92
2541, SMP NEGERI 96 JAKARTA
2542, SMP NEGERI 97 JAKARTA
2543, SMP Negeri 98
2544, SMP Negeri 99
2545, SMP NEGERI RAGUNAN
2546, SMP NEW ZEALAND INDEPENDENT SCHOOL
2547, SMP NIZAMIA ANDALUSIA
2548, SMP NOAH
2549, SMP Nuris
2550, SMP Nurul Huda
2551, SMP NURUL IHSAN
2552, SMP Nurul Iman
2553, SMP PALAPA
2554, SMP Pandawa
2555, SMP Pangudi Luhur
2556, SMP Pangudi Rahayu
2557, SMP Pasar Minggu
2558, SMP Pattimura
2559, SMP Pelita Harapan
2560, SMP PELITA HARAPAN
2561, SMP Pelita Tiga No. 1
2562, SMP PEMBANGUNAN
2563, SMP PERDANA KUSUMA
2564, SMP PERGURUAN ADVENT XI TANJUNG BARAT
2565, SMP PERGURUAN ADVENT XV
2566, SMP Perguruan Rakyat 02
2567, SMP PERGURUAN RAKYAT 1
2568, SMP PERGURUAN RAKYAT 3
2569, SMP Perintis Pembangunan
2570, SMP PERMATA KASIH INDONESIA SCHOOL
2571, SMP Perwira Jakarta
2572, SMP Petri Jaya
2573, SMP PGRI 10
2574, SMP PGRI 12
2575, SMP PGRI 20
2576, SMP PGRI 3
2577, SMP PGRI 30
2578, SMP PGRI 38
2579, SMP PGRI 9
2580, SMP PLUS KHADIJAH ISLAMIC SCHOOL
2581, SMP PLUS YAPIMDA LENTENG AGUNG
2582, SMP PSKD 3
2583, SMP PSKD IV BULUNGAN
2584, SMP PURNAMA
2585, SMP PUSPITA PERSADA
2586, SMP PUTRA 1
2587, SMP Putra Satria
2588, SMP QURAN AL-IHSAN
2589, SMP RAFFLES CHRISTIAN SCHOOL PONDOK INDAH
2590, SMP SAMPOERNA
2591, SMP SANTA MARIA FATIMA
2592, SMP SANTO BONAVENTURA
2593, SMP Santo Markus
2594, SMP SANTO MARKUS II
2595, SMP Santo Yoseph
2596, SMP SINGAPORE INTERCULTURAL SCHOOL
2597, SMP Srikandi
2598, SMP St. Antonius
2599, SMP ST. FRANSISKUS II JAKARTA
2600, SMP St. Vincentius
2601, SMP Strada Bakti Utama
2602, SMP Strada Marga Mulia
2603, SMP STRADA SANTA ANNA
2604, SMP Sultan Hasanuddin
2605, SMP SULUH JAKARTA
2606, SMP Sumbangsih
2607, SMP SUNAN GIRI
2608, SMP SWASTA AL FALAH
2609, SMP TAMAN HARAPAN
2610, SMP Tarakanita 1
2611, SMP Tarakanita 4
2612, SMP Tarakanita 5
2613, SMP Tarakanita III
2614, SMP TARUNA HARAPAN BANGSA
2615, SMP TELADAN
2616, SMP TIRTA SARI SURYA
2617, SMP TIRTAYASA
2618, SMP Trampil
2619, SMP TRI MULYA
2620, SMP Tri Sastra
2621, SMP TRISOKO
2622, SMP TRISULA PERWARI 3
2623, SMP Trisula Perwari I Jakarta
2624, SMP Uswatun Hasanah
2625, SMP VILLA MAS
2626, SMP Widya Manggala
2627, SMP Yamas
2628, SMP YANUSA
2629, SMP YAPENKA
2630, SMP YAPIMDA JAKARTA
2631, SMP Yasda
2632, SMP YASPEN
2633, SMP YASPIA
2634, SMP YASPIA
2635, SMP Yasporbi I Jakarta
2636, SMP YASPORBI II
2637, SMP Yayasan Pendidikan Mulia
2638, SMP YP IPPI
2639, SMP YP. GKPI Rawamangun
2640, SMP YPI
2641, SMP YPI Al Bayan
2642, SMP YPI Pulogadung
2643, SMP YPIA Pengarengan
2644, SMP YPKUI
2645, SMP YPMII
2646, SMP YPMU
2647, SMP YPRI
2648, SMP YPUI
2649, SMP YWKA I
2650, SMP YWKA II
2651, SMPI AL-HIDAYAH
2652, SMPIT AL-AZHAR JAGAKARSA
2653, SMPIT An Nizomiyah
2654, SMPIT AR RAHMAN
2655, SMPIT ASSAADAH ALCHILASHIYYAH
2656, SMPIT ASSALAAMAH
2657, SMPIT INSAN MADANI
2658, SMPIT INSAN MANDIRI
2659, SMPK TIRTAMARTA-BPK PENABUR
2660, SMPN 175 JAKARTA
2661, SMPS CIKAL AMRI
2662, SMPS DHARMA SURYA
2663, SMPS ISLAM ASSAADAH
2664, SMPS ISLAM AT TAUBAH
2665, SMPS IT BUAHATI ISLAMIC SCHOOL
2666, SMPTQ CITA MULIA
2667, SPK SMPS HIGHFIELD
2668, MTsS DARUL IBTIDA
2669, MTS.UMMUL QURO-Ponpes Modern Ummul Quro Al-Islami
2670, SMP SAIS 1
